视频标题,BVID,用户名,评论内容
【4K/中字】柯南M29《高速公路的堕天使》上映前最终预告放出！大量新画面！上映前终极预告！,BV1CMDGBAEoK,W-w达布鲁,我不信这次柯南还能滑滑板追上
【4K/中字】柯南M29《高速公路的堕天使》上映前最终预告放出！大量新画面！上映前终极预告！,BV1CMDGBAEoK,戴永翼,可惜了，电影院看不见了。
【4K/中字】柯南M29《高速公路的堕天使》上映前最终预告放出！大量新画面！上映前终极预告！,BV1CMDGBAEoK,迷橘溟,官威太大了，上不了电影院
【4K/中字】柯南M29《高速公路的堕天使》上映前最终预告放出！大量新画面！上映前终极预告！,BV1CMDGBAEoK,春洁1314,好想看[星星眼]
【4K/中字】柯南M29《高速公路的堕天使》上映前最终预告放出！大量新画面！上映前终极预告！,BV1CMDGBAEoK,小球王者史蒂芬库里,香港哪天上？
【4K/中字】柯南M29《高速公路的堕天使》上映前最终预告放出！大量新画面！上映前终极预告！,BV1CMDGBAEoK,AdamS_69,挺好  不该出现的那个她 还是好好的呆在日常篇吧
【4K/中字】柯南M29《高速公路的堕天使》上映前最终预告放出！大量新画面！上映前终极预告！,BV1CMDGBAEoK,卡布叻_清荒,又卖警校组啊[笑哭]
【4K/中字】柯南M29《高速公路的堕天使》上映前最终预告放出！大量新画面！上映前终极预告！,BV1CMDGBAEoK,生吃西芹,今天估计得靠🇨🇳速度了[笑哭][笑哭]
【4K/中字】柯南M29《高速公路的堕天使》上映前最终预告放出！大量新画面！上映前终极预告！,BV1CMDGBAEoK,这个无花果干还蛮好吃,这几年剧场版使劲使劲出场警五啊
【4K/中字】柯南M29《高速公路的堕天使》上映前最终预告放出！大量新画面！上映前终极预告！,BV1CMDGBAEoK,季阵杀同学,本来电影剧情就一直是那几个老套路，现在还塌了，压根不想看
【4K/中字】柯南M29《高速公路的堕天使》上映前最终预告放出！大量新画面！上映前终极预告！,BV1CMDGBAEoK,钮泰谱画师kio,所以一个警察骑着白色的机车用塞尔提（美雪姐姐）的声音追击一个一身黑的黑机车罪犯。。。。。什么有头骑士异闻录？
【4K/中字】柯南M29《高速公路的堕天使》上映前最终预告放出！大量新画面！上映前终极预告！,BV1CMDGBAEoK,ACBC175,细节不喊兰也没有兰镜头[星星眼]
【4K/中字】柯南M29《高速公路的堕天使》上映前最终预告放出！大量新画面！上映前终极预告！,BV1CMDGBAEoK,快乐的饭团74,主题曲怎么搜不到啊
【4K/中字】柯南M29《高速公路的堕天使》上映前最终预告放出！大量新画面！上映前终极预告！,BV1CMDGBAEoK,魏武小师弟,网盘见
【4K/中字】柯南M29《高速公路的堕天使》上映前最终预告放出！大量新画面！上映前终极预告！,BV1CMDGBAEoK,柯铭君,海报变了，看来有希望会在中国大陆出现，时间未定，暂时可以期待了
【4K/中字】柯南M29《高速公路的堕天使》上映前最终预告放出！大量新画面！上映前终极预告！,BV1CMDGBAEoK,何_EVA,酷拉皮卡的声优吗？
【4K/中字】柯南M29《高速公路的堕天使》上映前最终预告放出！大量新画面！上映前终极预告！,BV1CMDGBAEoK,路人的我终于注册了,就歌不错
【4K/中字】柯南M29《高速公路的堕天使》上映前最终预告放出！大量新画面！上映前终极预告！,BV1CMDGBAEoK,我喜欢包子,@电源的气囊 可惜感觉国内上不了了
【4K/中字】柯南M29《高速公路的堕天使》上映前最终预告放出！大量新画面！上映前终极预告！,BV1CMDGBAEoK,gsgegdt,坚决支持国家立场
【4K/中字】柯南M29《高速公路的堕天使》上映前最终预告放出！大量新画面！上映前终极预告！,BV1CMDGBAEoK,塔上狐狸要吃雎,看这画面感觉经费少少的[tv_鬼脸]是都拿去做m30了吗
【4K/中字】柯南M29《高速公路的堕天使》上映前最终预告放出！大量新画面！上映前终极预告！,BV1CMDGBAEoK,柯铭君,我反正是在期待柯南的足力健踢出全世界[喜欢][喜欢][喜欢]
【4K/中字】柯南M29《高速公路的堕天使》上映前最终预告放出！大量新画面！上映前终极预告！,BV1CMDGBAEoK,柯铭君,中国大陆肯定是有希望的，各位！！！
【4K/中字】柯南M29《高速公路的堕天使》上映前最终预告放出！大量新画面！上映前终极预告！,BV1CMDGBAEoK,憔悴辉,小兰呢？
【4K/中字】柯南M29《高速公路的堕天使》上映前最终预告放出！大量新画面！上映前终极预告！,BV1CMDGBAEoK,约翰-卡尔霍恩,看着挺柯学[嗑瓜子]
【4K/中字】柯南M29《高速公路的堕天使》上映前最终预告放出！大量新画面！上映前终极预告！,BV1CMDGBAEoK,坏蛋小李y,明年30周年该整点有意思的了吧
【4K/中字】柯南M29《高速公路的堕天使》上映前最终预告放出！大量新画面！上映前终极预告！,BV1CMDGBAEoK,EDG---Clearlove7,名柜子柯南
【4K/中字】柯南M29《高速公路的堕天使》上映前最终预告放出！大量新画面！上映前终极预告！,BV1CMDGBAEoK,早川青奈,@花兮_ 一年一度看柯南的日子
【4K/中字】柯南M29《高速公路的堕天使》上映前最终预告放出！大量新画面！上映前终极预告！,BV1CMDGBAEoK,小绿的小可爱们快,[呲牙][呲牙][呲牙]
【4K/中字】柯南M29《高速公路的堕天使》上映前最终预告放出！大量新画面！上映前终极预告！,BV1CMDGBAEoK,Capricorn亿韩,国内应该是看不了了[大哭]
【4K/中字】柯南M29《高速公路的堕天使》上映前最终预告放出！大量新画面！上映前终极预告！,BV1CMDGBAEoK,蓝天货拉拉,还好 环大陆可以看
【4K/中字】柯南M29《高速公路的堕天使》上映前最终预告放出！大量新画面！上映前终极预告！,BV1CMDGBAEoK,-supremacy,重点是片尾的m30预告[doge_金箍]
【4K/中字】柯南M29《高速公路的堕天使》上映前最终预告放出！大量新画面！上映前终极预告！,BV1CMDGBAEoK,__BTC__,俄罗斯能上映吗？[吃瓜]
【4K/中字】柯南M29《高速公路的堕天使》上映前最终预告放出！大量新画面！上映前终极预告！,BV1CMDGBAEoK,枫红Fhong,这玩意还能发出来啊[doge]
【4K/中字】柯南M29《高速公路的堕天使》上映前最终预告放出！大量新画面！上映前终极预告！,BV1CMDGBAEoK,Eimya士郎,无头骑士客串柯南吗[吃瓜]
【4K/中字】柯南M29《高速公路的堕天使》上映前最终预告放出！大量新画面！上映前终极预告！,BV1CMDGBAEoK,爱吃包子的猫1,11月份看流媒体
【4K/中字】柯南M29《高速公路的堕天使》上映前最终预告放出！大量新画面！上映前终极预告！,BV1CMDGBAEoK,夏閡尛,好像无缘国内了[笑哭]
【4K/中字】柯南M29《高速公路的堕天使》上映前最终预告放出！大量新画面！上映前终极预告！,BV1CMDGBAEoK,Tmyk義勇,大陆还能上映吗[微笑]
【4K/中字】柯南M29《高速公路的堕天使》上映前最终预告放出！大量新画面！上映前终极预告！,BV1CMDGBAEoK,铭骑,说吧，这次炸哪？
【4K/中字】柯南M29《高速公路的堕天使》上映前最终预告放出！大量新画面！上映前终极预告！,BV1CMDGBAEoK,晚彩梦,[吃瓜]
【4K/中字】柯南M29《高速公路的堕天使》上映前最终预告放出！大量新画面！上映前终极预告！,BV1CMDGBAEoK,爱看推理剧的Kevin,这么好，为什么不火？
【安室透｜松田阵平｜卡点】像我这么帅的只会出现在动漫,BV1nG4y1R7VB,账号已注销,留爪！
【1月6日限定】松田阵平单人向,BV1K84y1s71g,拳打张扬脚踢小翔,沈李跃华你个鬼屋[笑哭]
【1月6日限定】松田阵平单人向,BV1K84y1s71g,亿yii,我江丽华励志成为百大
【1月6日限定】松田阵平单人向,BV1K84y1s71g,cab和slyh的老father,[doge]slyh太帅了[打call][打call][打call][星星眼][星星眼][星星眼][喜欢][喜欢][喜欢]
【1月6日限定】松田阵平单人向,BV1K84y1s71g,Ke-季恪不姓季,帅哥太强了[doge]
【名侦探柯南/松田阵平&黑羽快斗】世界上的另一个我,BV1VG4y1L7Mm,时光不再-人生无趣,然后有一天，萩原千速看到 黑羽快斗  本尊，没有第一时间想到跟工藤新一长得一样，也没有察觉对方可能是基德，反而先想到他和松田长得“好像”。再然后，奇怪的新CP又来了，还都是跟白色羽毛有关的组合，一个是天使的翅膀上白色羽毛，一个是白鸽身上的白色羽毛。[doge][doge][doge][doge]
【名侦探柯南/松田阵平&黑羽快斗】世界上的另一个我,BV1VG4y1L7Mm,月光下的魔术师_1412号,好家伙
【名侦探柯南/松田阵平&黑羽快斗】世界上的另一个我,BV1VG4y1L7Mm,桑笛Sandy,快斗的后发更尖更密集刘海更顺，阵平属于是有点炸毛卷[脱单doge]
【名侦探柯南/松田阵平&黑羽快斗】世界上的另一个我,BV1VG4y1L7Mm,是沐暮吖,你别说你真别说[doge]
【名侦探柯南/松田阵平&黑羽快斗】世界上的另一个我,BV1VG4y1L7Mm,青柑茶citrus,没人觉得他俩真的好像吗[doge]
名柯里的最强白月光——松田阵平！,BV1jM411f7gz,在下烟尘生,666
名柯里的最强白月光——松田阵平！,BV1jM411f7gz,-AA---B,别走啊 松田
名柯里的最强白月光——松田阵平！,BV1jM411f7gz,-AA---B,别走啊 松田
名柯里的最强白月光——松田阵平！,BV1jM411f7gz,-AA---B,别走啊 松田
名柯里的最强白月光——松田阵平！,BV1jM411f7gz,-AA---B,别走啊 松田
名柯里的最强白月光——松田阵平！,BV1jM411f7gz,总想吃牛肉的肥猪,考古回来了，人设已经崩塌[笑哭]
名柯里的最强白月光——松田阵平！,BV1jM411f7gz,黑子青锋,腕豪排的头像
名柯里的最强白月光——松田阵平！,BV1jM411f7gz,小狗与小兔,我每次看到他都会哭
名柯里的最强白月光——松田阵平！,BV1jM411f7gz,陈年老番,5-4＝0
名柯里的最强白月光——松田阵平！,BV1jM411f7gz,巨墩墩主人,我想问如果警察根本没看懂暗号没人来摩天轮那犯人改怎么办（bushi）
名柯里的最强白月光——松田阵平！,BV1jM411f7gz,我朋友都是憨批,松田应该喜欢的是萩原千速吧，对佐藤只是有好感
名柯里的最强白月光——松田阵平！,BV1jM411f7gz,一直走上坡路,白月光[笑哭]
名柯里的最强白月光——松田阵平！,BV1jM411f7gz,小新结衣,松田阵平死的那一集我真的意难平，主要长得也很帅
名柯里的最强白月光——松田阵平！,BV1jM411f7gz,_齐司礼de笨鸟_,众所周知5-4等于零
名柯里的最强白月光——松田阵平！,BV1jM411f7gz,PVP大虫它,冷知识：松田的声优还配过火影的药师兜[doge]
名柯里的最强白月光——松田阵平！,BV1jM411f7gz,江清一渡,@一颗小花去世
名柯里的最强白月光——松田阵平！,BV1jM411f7gz,-你们叫她小龙女么-,有松田就有我
名柯里的最强白月光——松田阵平！,BV1jM411f7gz,小麦的风季,看到m27黑羽盗一出场并且跟优作是亲兄弟后，我有了一个大胆的预测。一来，盗一同样是在爆炸中假装身亡瞒过了所有人。二来是老贼知道咱们观众喜欢松田，等十几年后柯南快完结的时候，他可能会结局来个彩蛋，就是松田临死前打开门跳了下去，然后被空中的黑羽盗一救了（别杠我，就是大胆猜测，一切皆有可能[doge]）
名柯里的最强白月光——松田阵平！,BV1jM411f7gz,爱莲姬娜,另一边柯南选择只看一半提示，也保护了1200万人
名柯里的最强白月光——松田阵平！,BV1jM411f7gz,铁挙,有点遗憾
名柯里的最强白月光——松田阵平！,BV1jM411f7gz,桃浦浓,第几集
名柯里的最强白月光——松田阵平！,BV1jM411f7gz,软件-单推可奈,松田阵平几乎囊括了正面角色的所有元素。
名柯里的最强白月光——松田阵平！,BV1jM411f7gz,小嘴叭叭淬了蜜,松田死那个剧场版是我唯一一次看哭了，因为我觉得这个男人实在太帅了……别的我都没哭，他们都没真死……[笑哭]
名柯里的最强白月光——松田阵平！,BV1jM411f7gz,俘虏出橙,这剧情挺烂的
名柯里的最强白月光——松田阵平！,BV1jM411f7gz,蔷歪歪的格子衫,下面放个充气垫三秒看到内容跳下去不行吗[微笑][微笑]
名柯里的最强白月光——松田阵平！,BV1jM411f7gz,落日的城市,[呲牙]
名柯里的最强白月光——松田阵平！,BV1jM411f7gz,律政俏虾仁,最爱的一个，真正的白月光
名柯里的最强白月光——松田阵平！,BV1jM411f7gz,高富帅哈哈哈哈不错,都发现炸弹了为啥不让工作人员停车？
名柯里的最强白月光——松田阵平！,BV1jM411f7gz,Kysena,我老公[doge]
名柯里的最强白月光——松田阵平！,BV1jM411f7gz,马卡斯乔诺夫同志,不止是他，警校五人组中除安室透以外都意难平。
名柯里的最强白月光——松田阵平！,BV1jM411f7gz,梦里来时闲乘月,好遗憾啊[墨镜]
名柯里的最强白月光——松田阵平！,BV1jM411f7gz,AI识片酱,视频信息识别成功[鼓掌]~ 【视频正片】 1. 《名侦探柯南 总局刑警恋爱故事~结婚前夜~》:00:01-03:41 【音乐信息】 1. 《Love Is Gone FormeMusic  newest Mv》:02:26-03:29 --以上内容由 @AI识片酱 生成，识片识曲欢迎艾特召唤
名柯里的最强白月光——松田阵平！,BV1jM411f7gz,下界神金,当时看这个炸弹人的时候真的给我气死[辣眼睛]
名柯里的最强白月光——松田阵平！,BV1jM411f7gz,芃上江偏航,唉
名柯里的最强白月光——松田阵平！,BV1jM411f7gz,ascac22,这剧情这质感这画风:https://manga.bilibili.com/detail/mc26444?from=czxpp4js，我真的会谢！。up主做的视频也太精彩了吧[给心心]，这样的up主就应该爆火啊！！！[保卫萝卜_哭哭][保卫萝卜_哭哭][保卫萝卜_哭哭]，加油up主！期待你做的越来越好[奥比岛_喜欢]。
名柯里的最强白月光——松田阵平！,BV1jM411f7gz,我在家一个路过的假面,老婆，好久不见[嘟嘟][嘟嘟][嘟嘟][嘟嘟][脸红][脸红][脸红]
名柯里的最强白月光——松田阵平！,BV1jM411f7gz,我在家一个路过的假面,松田陈平真男人
名柯里的最强白月光——松田阵平！,BV1jM411f7gz,katzi,意难平
名柯里的最强白月光——松田阵平！,BV1jM411f7gz,小哀伤,[星星眼][星星眼][星星眼]
名柯里的最强白月光——松田阵平！,BV1jM411f7gz,大封印术尊,支持一波
名柯里的最强白月光——松田阵平！,BV1jM411f7gz,看到我名字都长命百岁,[脱单doge]
【松田阵平】“抱歉 我没法实现承诺了”,BV13f4y1G7uY,玛卡巴卡敲敲门1251,其实现在这样我觉得死着当白月光可以的[大哭]
【松田阵平】“抱歉 我没法实现承诺了”,BV13f4y1G7uY,lupich,12.9 唉 911白月光也没了。
【松田阵平】“抱歉 我没法实现承诺了”,BV13f4y1G7uY,烧肉粽怎么疗伤,@疏星映彤笺
【松田阵平】“抱歉 我没法实现承诺了”,BV13f4y1G7uY,少华意,看了太多同人，再看1200，发现我产生了你还活着的错觉
【松田阵平】“抱歉 我没法实现承诺了”,BV13f4y1G7uY,紫罗兰和薰衣草,后面电影也致敬了，安室就是从他那里学的拆炸弹
【松田阵平】“抱歉 我没法实现承诺了”,BV13f4y1G7uY,yrz是leq爸爸,@corruptedcode
【松田阵平】“抱歉 我没法实现承诺了”,BV13f4y1G7uY,假面绅士不返也改名,唉，那假如换一个人没有他这打字速度那不是只能将炸弹拆除了，剧情有点差强人意吧，好像就是故意针对他让他被炸死，劫匪是和他有仇吗？
【松田阵平】“抱歉 我没法实现承诺了”,BV13f4y1G7uY,Daolllll,太悲壮了，笑着死那里
【松田阵平】“抱歉 我没法实现承诺了”,BV13f4y1G7uY,Daolllll,惨惨惨[大哭][大哭]
【松田阵平】“抱歉 我没法实现承诺了”,BV13f4y1G7uY,月光下的魔术师_1412号,无解...高空炸弹也不能动，除了拆，他只能选择拆，可他不会拆，一向最爱拆东西的你怎么唯独不想拆这个东西呢...
【松田阵平】“抱歉 我没法实现承诺了”,BV13f4y1G7uY,T_T-008,@T_T-007
【松田阵平】“抱歉 我没法实现承诺了”,BV13f4y1G7uY,沈晓瑜的小鱼,性格好能力强，梦中情人简直
【松田阵平】“抱歉 我没法实现承诺了”,BV13f4y1G7uY,crab-lemon,要是没有被硬凑警校组就好了。现在的设定我只觉得ooc，觉得他根本就不是这样的人。我当时看的时候只觉得他虽不羁却十分温柔，又有责任感，想象不出会是叫着什么暴打警视总监的人
【松田阵平】“抱歉 我没法实现承诺了”,BV13f4y1G7uY,搭上飛機背上行李,这个画风真的好特别啊 这种偏黑色的回忆色彩
【松田阵平】“抱歉 我没法实现承诺了”,BV13f4y1G7uY,泠骁骁,[大哭]
【松田阵平】“抱歉 我没法实现承诺了”,BV13f4y1G7uY,bili_52275513143,"""今天例外，我就暂时视而不见""[大哭]"
【松田阵平】“抱歉 我没法实现承诺了”,BV13f4y1G7uY,争取九点前睡觉,真的是白月光意难平[大哭]
【松田阵平】“抱歉 我没法实现承诺了”,BV13f4y1G7uY,朦胧的彼岸花火,意难平个毛线，松田摊上嘴疼这种扫把星和高木这种吸血虫才是最可笑的[呲牙]
【松田阵平】“抱歉 我没法实现承诺了”,BV13f4y1G7uY,-你们叫她小龙女么-,有松田就有我
【松田阵平】“抱歉 我没法实现承诺了”,BV13f4y1G7uY,变身超能力者,这个男人太帅了！人格魅力深深震撼了我！！！
【松田阵平】“抱歉 我没法实现承诺了”,BV13f4y1G7uY,Ozhyy,你币有了[委屈]
【松田阵平】“抱歉 我没法实现承诺了”,BV13f4y1G7uY,云上乌托邦,以前看的时候只觉得满是遗憾，现在再看想的居然是时代的局限性…他拿的要是智能手机就能架个直播然后下来了(;_;)
【松田阵平】“抱歉 我没法实现承诺了”,BV13f4y1G7uY,hiro的故乡,突然发现，佐藤好奇松田发简讯的对象，松田好奇地拿起佐藤父亲的遗物，好奇就是有好感的开始啊。（[doge]）
【松田阵平】“抱歉 我没法实现承诺了”,BV13f4y1G7uY,令人微笑的光景,“我在发消息，给一个发了消息也收不到回信的好朋友。”
【松田阵平】“抱歉 我没法实现承诺了”,BV13f4y1G7uY,猫猫喜欢西樱,我爱你，松田阵平!
【松田阵平】“抱歉 我没法实现承诺了”,BV13f4y1G7uY,懒得取名烦死啦,是谁，2024年还看得想哭[大哭]是我呀！
【松田阵平】“抱歉 我没法实现承诺了”,BV13f4y1G7uY,00鲨,后期的画风你要动谁都可以为什么动我的白月光[大哭]
【松田阵平】“抱歉 我没法实现承诺了”,BV13f4y1G7uY,原味鱼饼,松田的生日是什么时候哇？想入坑
【松田阵平】“抱歉 我没法实现承诺了”,BV13f4y1G7uY,秀朱之花,他是多少人的白月光，意难平啊！松田阵平，他也永远在天堂与他的好友萩原研二团聚了[大哭][大哭][大哭][大哭]
【松田阵平】“抱歉 我没法实现承诺了”,BV13f4y1G7uY,惊蛰缠春,这才是我老公😭
【松田阵平】“抱歉 我没法实现承诺了”,BV13f4y1G7uY,hiro的故乡,白月光 以及当时的画风真的很占便宜  现在的画风可不会有二十年前那样惊艳的效果了。松田 安息
【松田阵平】“抱歉 我没法实现承诺了”,BV13f4y1G7uY,Silhouette9,这是哪集哇请问
【松田阵平】“抱歉 我没法实现承诺了”,BV13f4y1G7uY,不次香菜ZYW,“我其实还蛮喜欢你的。” 这个男人好狡猾啊，临死前告白，美和子一辈子都忘不了他了。我也一辈子忘不了他了呜呜呜呜呜呜呜呜呜呜萩松最戳我的点就是萩原死后松田坚持给他发了四年的短信，要给已故的好友发四年无人回复的短信得需要多大的勇气啊，真的很难想象松田那四年是怎么过来的，想想就好心痛，73做个人吧[大哭]平静地抽完人生最后一根烟[大哭][大哭]
【松田阵平】“抱歉 我没法实现承诺了”,BV13f4y1G7uY,美索不达米亚观测员,白月光的杀伤力原来这么大吗
【松田阵平】“抱歉 我没法实现承诺了”,BV13f4y1G7uY,天帝咖啡,松田阵平我认为和盗墓笔记黑眼镜的人设几乎重贴了  太帅了
【松田阵平】“抱歉 我没法实现承诺了”,BV13f4y1G7uY,天帝咖啡,对于警校五人组 我就一句话 他喵的真尼玛帅[给心心][给心心][给心心][给心心][给心心][给心心]
【松田阵平】“抱歉 我没法实现承诺了”,BV13f4y1G7uY,列夫托尔斯那艺娜,松田这身打扮让我想起了孙兴😂😂
【松田阵平】“抱歉 我没法实现承诺了”,BV13f4y1G7uY,虾仁不眨眼suju,我的白月光
【松田阵平】“抱歉 我没法实现承诺了”,BV13f4y1G7uY,OHARAaa,伟大的黄金精神
【松田阵平】“抱歉 我没法实现承诺了”,BV13f4y1G7uY,狂野韶钢,@松田警告
【松田阵平】“抱歉 我没法实现承诺了”,BV13f4y1G7uY,没有热情不如死去,2024了我才看松田[大哭]
【松田阵平】“抱歉 我没法实现承诺了”,BV13f4y1G7uY,Ipromise_-,松田那句话不是表白吧，七天就能产生爱我不理解，还有不理解佐藤七天就这么喜欢他还念念不忘[辣眼睛]
【松田阵平】“抱歉 我没法实现承诺了”,BV13f4y1G7uY,九歌凄楚,松田那句“我其实还蛮喜欢你的”，指的应该是我不讨厌你，而不是表白。
【松田阵平】“抱歉 我没法实现承诺了”,BV13f4y1G7uY,惊蛰缠春,老公[响指]
【松田阵平】“抱歉 我没法实现承诺了”,BV13f4y1G7uY,Zs_g,松田阵平，唉，死之伟大，伟大之死。
【松田阵平】“抱歉 我没法实现承诺了”,BV13f4y1G7uY,没办法想不出来啊,他真像深秋里的一缕寒风啊 我忘不了
【松田阵平】“抱歉 我没法实现承诺了”,BV13f4y1G7uY,自由士官生,警校篇的二货和这个不是一个人。。。
【松田阵平】“抱歉 我没法实现承诺了”,BV13f4y1G7uY,迪士尼的龙geigei,警校五人组的他们都很团结，然后当他们毕业分开之后，都是一个一个没的，看多了就会发现，如果他们哪怕是两个人一起去处理的话，说不定都会有活着的转机。[酸了]
【松田阵平】“抱歉 我没法实现承诺了”,BV13f4y1G7uY,_我和猫,亡夫回忆录
【松田阵平】“抱歉 我没法实现承诺了”,BV13f4y1G7uY,狮子不会因为犬吠而回头,这死的毫无疑义，脑子还不好
【松田阵平】“抱歉 我没法实现承诺了”,BV13f4y1G7uY,白夜行星,马自达帅出了柯南宇宙
【松田阵平】“抱歉 我没法实现承诺了”,BV13f4y1G7uY,古月的叶神1226,那个短信，其实我还蛮喜欢你的
【松田阵平】“抱歉 我没法实现承诺了”,BV13f4y1G7uY,菜菜不菜啊噢啊噢,@MintFrappe 呜呜呜
【松田阵平】“抱歉 我没法实现承诺了”,BV13f4y1G7uY,kkh_fuingtuioklk,“为了公众的利益和生命，我很乐意迎接死亡” 工藤新一和包括松田阵平的警校组都有着这样的信念，结果新一被灌下毒药变成小孩子，松甜甜和萩原研二、班长伊达航、诸伏景光殉职了，降谷零也活成了无所不能的安室透。 也许名柯是有很多意难平，但我永远为这些人们闪闪发光的灵魂所吸引，只是如果真有二次元存在，希望他们可以永远闪闪发光的同时，好好活着，永远幸福[给心心]
【松田阵平】“抱歉 我没法实现承诺了”,BV13f4y1G7uY,幸福的牢笼,主要是长得太帅了，我感觉这种角色安排一个普通点的面孔会那个反差会更浪漫
【松田阵平】“抱歉 我没法实现承诺了”,BV13f4y1G7uY,bili_18704257693,比新一帅的有点多[笑哭]
【松田阵平】“抱歉 我没法实现承诺了”,BV13f4y1G7uY,鹅鹅鹅鹅鹅也,呜呜呜，这个BGM都配的好悲啊[大哭]
【松田阵平】“抱歉 我没法实现承诺了”,BV13f4y1G7uY,蒸包苏泷,那是死前的告白啊
【松田阵平】“抱歉 我没法实现承诺了”,BV13f4y1G7uY,奇羿果,"要不要踏出一步是你的问题，你要真的忘了这种感觉,...[拥抱]"
【松田阵平】“抱歉 我没法实现承诺了”,BV13f4y1G7uY,清凉胡辣肠粉汤,摩天轮车厢，就那一个，可以不去拆的，任它爆炸
【最全柯南整理】松田阵平出场全回顾！,BV1A64y1b7Gx,kimioharuka,怎么突然上滤镜了[笑哭]
【最全柯南整理】松田阵平出场全回顾！,BV1A64y1b7Gx,暴躁Lucifer,删掉了，他留在世界上的最后一个痕迹
【最全柯南整理】松田阵平出场全回顾！,BV1A64y1b7Gx,爱啃査理苏积极,我靠 第一幕是第几集啊
【最全柯南整理】松田阵平出场全回顾！,BV1A64y1b7Gx,-你们叫她小龙女么-,有松田就有我
【最全柯南整理】松田阵平出场全回顾！,BV1A64y1b7Gx,落樱卷刃,”消ししましょか YES BYE BYE 松田様” 新しいの感情のために過去を捨てては 一番正しい選択だよね！
【最全柯南整理】松田阵平出场全回顾！,BV1A64y1b7Gx,云梦雨晴xy,遗憾的是，甚至没有机会了解他……
【最全柯南整理】松田阵平出场全回顾！,BV1A64y1b7Gx,今天天气好晴朗314,妈的看哭了
【最全柯南整理】松田阵平出场全回顾！,BV1A64y1b7Gx,目光冷淡的哈欠猫,“这位警官真是勇气可嘉，我实在不得不赞美你的这份勇气，我会暗示你另外一个比这更大的烟火在哪里。爆炸前三秒钟，你就会看到我的提示”[大哭]
【最全柯南整理】松田阵平出场全回顾！,BV1A64y1b7Gx,在下卷心菜同学,小阵平呜呜呜呜呜
【最全柯南整理】松田阵平出场全回顾！,BV1A64y1b7Gx,绒毛番龙眼,怎么回事这爆炸也根本炸不到人，为啥要进去拆啊？？？？？？
【最全柯南整理】松田阵平出场全回顾！,BV1A64y1b7Gx,承太郎欢乐豚,曾经的高木也还算有点小帅的，怎么现在的画风就像个呆头鹅一样[doge]
【最全柯南整理】松田阵平出场全回顾！,BV1A64y1b7Gx,账号已注销,有bug诶，在现实里执行任务过程中是不能使用电话的吧，一般都是用对讲机的吧，应该算是剧情bug吧
【最全柯南整理】松田阵平出场全回顾！,BV1A64y1b7Gx,冷酷栗子杀手,@一只一级号 你拉黑我干嘛，理性讨论啊，说不过就拉黑，然后不断在下面回复显得很有道理？[辣眼睛]还是你是小学生，那就算了，你爸妈自然会教育你的
【最全柯南整理】松田阵平出场全回顾！,BV1A64y1b7Gx,小熊软糖小猫宝宝,松田真的好帅，意难平啊[大哭]
【最全柯南整理】松田阵平出场全回顾！,BV1A64y1b7Gx,可靠的特遣队队员,7：51那一段是那一集[思考]
【最全柯南整理】松田阵平出场全回顾！,BV1A64y1b7Gx,我叫阿良善良的良-,感觉并非死局，五分钟的准备时间三秒的逃生时间，在柯南里还是有很大概率可以活下来
【最全柯南整理】松田阵平出场全回顾！,BV1A64y1b7Gx,乌拉萨雅斯帕邦德,一直觉得佐藤不适合松田，松田应该找个长发女孩
【最全柯南整理】松田阵平出场全回顾！,BV1A64y1b7Gx,耶加雪啡_0923,松田真的是位好警察
【最全柯南整理】松田阵平出场全回顾！,BV1A64y1b7Gx,西瓜瓜瓜次方,最后这个是第几集啊
【最全柯南整理】松田阵平出场全回顾！,BV1A64y1b7Gx,隔壁的9527,松田=纯元 高木=甄嬛 佐藤=皇上  我终于知道流连子抄谁的了！
【最全柯南整理】松田阵平出场全回顾！,BV1A64y1b7Gx,gundamvx,哎，好男人啊
【最全柯南整理】松田阵平出场全回顾！,BV1A64y1b7Gx,Tritium氚氚,才七天就爱上了[笑哭]
【最全柯南整理】松田阵平出场全回顾！,BV1A64y1b7Gx,FactorDawn,零不在现场，不然可能手撕这个b泄愤
【最全柯南整理】松田阵平出场全回顾！,BV1A64y1b7Gx,PetRICHoR-新尘,佐藤真的说出我的心声啊，松田竟然是被这种人害死的
【最全柯南整理】松田阵平出场全回顾！,BV1A64y1b7Gx,是蒸的不是煮的ye,这是哪几集啊
【最全柯南整理】松田阵平出场全回顾！,BV1A64y1b7Gx,Mongkok-x,库丘林，是你[doge][doge]
【最全柯南整理】松田阵平出场全回顾！,BV1A64y1b7Gx,Riley_ss,看视频前我是觉得高木配不上佐藤的（虽然一直都不喜欢高木），这一巴掌...果然中二，松田永远的白月光
【最全柯南整理】松田阵平出场全回顾！,BV1A64y1b7Gx,Kylin707,松佐太意难平了
【最全柯南整理】松田阵平出场全回顾！,BV1A64y1b7Gx,账号已注销,希望这一集能重置
【最全柯南整理】松田阵平出场全回顾！,BV1A64y1b7Gx,土银各种欢乐,话说由美也是美女，为什么警视厅没人追啊
【最全柯南整理】松田阵平出场全回顾！,BV1A64y1b7Gx,小小翼雪梦儿,落泪[笑哭]……T_T
【最全柯南整理】松田阵平出场全回顾！,BV1A64y1b7Gx,江湖小姐姐不氪金,松田是真的帅啊！意难平[大哭]
【最全柯南整理】松田阵平出场全回顾！,BV1A64y1b7Gx,Matsuda陣平酱,高佐！！高佐！！
【最全柯南整理】松田阵平出场全回顾！,BV1A64y1b7Gx,Matsuda陣平酱,由美警官！！
松佐||“若能再多看一眼”,BV1vo4y137YD,书书焦糖味,啊啊啊永远的意难平……
M 2 5 结 算 画 面,BV1xX4y117sf,玥澜阙,哈哈哈哈哈哈哈
M 2 5 结 算 画 面,BV1xX4y117sf,每日坚持学习的鱿鱼桑,支持 早日火！！
M 2 5 结 算 画 面,BV1xX4y117sf,明天什么安排_,[打call]hhhhhhh
【松田阵平 | 个人向 | 台词向】Eutopia ||“他像深秋里的一股寒风”,BV1SJ23BwER8,凝渊家的玄同,呜呜呜呜呜呜又看完一篇救赎文回来就刷到这个[保卫萝卜_哭哭][保卫萝卜_哭哭][保卫萝卜_哭哭]
【松田阵平 | 个人向 | 台词向】Eutopia ||“他像深秋里的一股寒风”,BV1SJ23BwER8,江湖路远包不包邮,同人文看多了老觉得他们还活着，事实上只有一个人[大哭]
【松田阵平 | 个人向 | 台词向】Eutopia ||“他像深秋里的一股寒风”,BV1SJ23BwER8,月亮不睡星星在笑,在xhs也看到了呜呜呜太感动了QAQ好难过
【松田阵平 | 个人向 | 台词向】Eutopia ||“他像深秋里的一股寒风”,BV1SJ23BwER8,DJFHFHHG,剪得好好www[大哭]
【松田阵平 | 个人向 | 台词向】Eutopia ||“他像深秋里的一股寒风”,BV1SJ23BwER8,莲莲a春日宴,我的荻松，我的古早纯爱
【松田阵平 | 个人向 | 台词向】Eutopia ||“他像深秋里的一股寒风”,BV1SJ23BwER8,开心果冰激凌批发商,古早松田真的是白月光级别的帅
【松田阵平 | 个人向 | 台词向】Eutopia ||“他像深秋里的一股寒风”,BV1SJ23BwER8,四叶星橙,好看[打call]
【松田阵平 | 个人向 | 台词向】Eutopia ||“他像深秋里的一股寒风”,BV1SJ23BwER8,俊一不俊,UP主加油！看好你噢~
【松田阵平 | 个人向 | 台词向】Eutopia ||“他像深秋里的一股寒风”,BV1SJ23BwER8,帕雷拉斯特,唉。73对警五简直是满满恶意啊。
【松田阵平 | 个人向 | 台词向】Eutopia ||“他像深秋里的一股寒风”,BV1SJ23BwER8,Chinesemustdie,背景音乐是什么
【松田阵平 | 个人向 | 台词向】Eutopia ||“他像深秋里的一股寒风”,BV1SJ23BwER8,回忆水晶鹿,UP主加油！看好你噢~
【松田阵平 | 个人向 | 台词向】Eutopia ||“他像深秋里的一股寒风”,BV1SJ23BwER8,屋顶上的小二猫,永远的白月光[大哭]
【松田阵平 | 个人向 | 台词向】Eutopia ||“他像深秋里的一股寒风”,BV1SJ23BwER8,星河留奈,杀青快乐！松田警官
【松田阵平 | 个人向 | 台词向】Eutopia ||“他像深秋里的一股寒风”,BV1SJ23BwER8,黎枢与纪念碑谷,在佐藤终于逮到炸弹犯把他堵在角落的时候，我非常理解她为什么无论如何都克制不住心里那股想一枪崩了那人渣的冲动，松田留给佐藤的，除了悸动，还有无法排解无法言说的心痛，这一点点糖，掺着世上最尖锐的玻璃渣
【松田阵平 | 个人向 | 台词向】Eutopia ||“他像深秋里的一股寒风”,BV1SJ23BwER8,莫誉尘,杀青快乐，阵平
【松田阵平 | 个人向 | 台词向】Eutopia ||“他像深秋里的一股寒风”,BV1SJ23BwER8,相逢变奏曲,杀青快乐松田！
【松田阵平 | 个人向 | 台词向】Eutopia ||“他像深秋里的一股寒风”,BV1SJ23BwER8,Amuro清寒,这是名柯里我最爱的篇章了[大哭][大哭]：【《名侦探柯南》 第326话 震撼警政厅 1200万人质-哔哩哔哩番剧】https://b23.tv/ep322133
【松田阵平 | 个人向 | 台词向】Eutopia ||“他像深秋里的一股寒风”,BV1SJ23BwER8,寒月七,松田杀青快乐😭
【松田阵平 | 个人向 | 台词向】Eutopia ||“他像深秋里的一股寒风”,BV1SJ23BwER8,西兰花炒腰果,UP主加油！看好你噢~
【松田阵平 | 个人向 | 台词向】Eutopia ||“他像深秋里的一股寒风”,BV1SJ23BwER8,京白玳玉昇,“还好打字快，不然这条短信也发不出去了”
【松田阵平 | 个人向 | 台词向】Eutopia ||“他像深秋里的一股寒风”,BV1SJ23BwER8,Amuro清寒,我哭了，阿b的流量怎么也这么差[大哭][大哭]
警校五人组 松田阵平到底多痞多帅！！,BV1YZ4y1d7g8,Glimpse凯,@时迁moving
警校五人组 松田阵平到底多痞多帅！！,BV1YZ4y1d7g8,-你们叫她小龙女么-,有松田就有我
警校五人组 松田阵平到底多痞多帅！！,BV1YZ4y1d7g8,古月推糕麻CP,突然觉得他有点像基德
警校五人组 松田阵平到底多痞多帅！！,BV1YZ4y1d7g8,GEM庄园主,全靠解解的《透明》吸引我过来[脱单doge]虽然我也看这个
警校五人组 松田阵平到底多痞多帅！！,BV1YZ4y1d7g8,我才不是路人乙,死去的白月光一直在叠加白月光buff[大哭]
警校五人组 松田阵平到底多痞多帅！！,BV1YZ4y1d7g8,近山萤火,@雾风-_ [大哭][大哭]
警校五人组 松田阵平到底多痞多帅！！,BV1YZ4y1d7g8,胃疼的可达鸭,现在的神奈延年配的松田阵平一口一个lancer味哈哈哈哈
警校五人组 松田阵平到底多痞多帅！！,BV1YZ4y1d7g8,娇娇老婆徐小8,@小鱼小方一起发大财 松田好帅……声音刚开始听有点大叔诶
警校五人组 松田阵平到底多痞多帅！！,BV1YZ4y1d7g8,账号已注销,我直接吹爆阵平好吧[未定事件簿_燃起来了]
警校五人组 松田阵平到底多痞多帅！！,BV1YZ4y1d7g8,柳遛遛,可是就算去警校组动画来看，松田的人设和表现也很出众啊，桀骜不羁手段灵活，敏锐善良体贴他人同时也很热血，很多时候我看警校组动画隐约感觉他就像故事的中心点，很有人格魅力，哪怕官方把他崩成那个死相，所以我相信这样的松田几年之后能够成长为白月光，至于青山那些二五八翘的设定都给我无视，柯南的幺蛾子都是他搞的，当年秀一最有魅力的“渣”和“神秘”，也被他画蛇添足搞了那么多脑里有泡的家族配置，所以目前松田的设定，雷点都在可以忍受的范围，透子倒是主打一个美强惨，还是偏爱29透，希望未来别再给透子画蛇添足了。
警校五人组 松田阵平到底多痞多帅！！,BV1YZ4y1d7g8,b站取名我真服了,松田本来就不是冷白皮啊，当时显白是因为那是回忆滤镜啊，所有人都是白的，而且我相信大家介怀的也不是皮肤吧，而是绝美白月光大帅哥的脸蛋被狗屁动画组画成了现在这样！！[生气][生气][生气][生气]
警校五人组 松田阵平到底多痞多帅！！,BV1YZ4y1d7g8,薇筱染0203,[脱单doge][脱单doge][脱单doge]
警校五人组 松田阵平到底多痞多帅！！,BV1YZ4y1d7g8,櫻田木木子,bgm好好听啊啊啊啊
警校五人组 松田阵平到底多痞多帅！！,BV1YZ4y1d7g8,落碎碎平安,@苏坡摆烂人 卧槽爱了
警校五人组 松田阵平到底多痞多帅！！,BV1YZ4y1d7g8,账号已注销,这个是哪部啊啊啊啊啊a[大哭]
警校五人组 松田阵平到底多痞多帅！！,BV1YZ4y1d7g8,心浮气躁乃大忌,松田阵平
警校五人组 松田阵平到底多痞多帅！！,BV1YZ4y1d7g8,听安见沉,嗨老公
警校五人组 松田阵平到底多痞多帅！！,BV1YZ4y1d7g8,野犬洛,@大壁虎呦
警校五人组 松田阵平到底多痞多帅！！,BV1YZ4y1d7g8,每天一声阿弥陀佛,松田真的，男大十八变
警校五人组 松田阵平到底多痞多帅！！,BV1YZ4y1d7g8,沾风化晴,等等，这个哪里看呀，是和零的日常一样的番外吗[热词系列_知识盲区]
警校五人组 松田阵平到底多痞多帅！！,BV1YZ4y1d7g8,蛟山,这个松田是死去的那个松田吗
警校五人组 松田阵平到底多痞多帅！！,BV1YZ4y1d7g8,Dragosteanues,[万圣节的新娘_邪魅一笑]
警校五人组 松田阵平到底多痞多帅！！,BV1YZ4y1d7g8,又续几年椿愿,@gmpmtmj
警校五人组 松田阵平到底多痞多帅！！,BV1YZ4y1d7g8,海和鱼私奔,@虫虫么么哒- 这俩[打帅死了[打call][打call]
警校五人组 松田阵平到底多痞多帅！！,BV1YZ4y1d7g8,私藏神谕,这画的是啥呀（。
警校五人组 松田阵平到底多痞多帅！！,BV1YZ4y1d7g8,Cucu_yu,@轻叹小萨的狗
警校五人组 松田阵平到底多痞多帅！！,BV1YZ4y1d7g8,iwww-20,@你猜我猜不猜呀美丽
警校五人组 松田阵平到底多痞多帅！！,BV1YZ4y1d7g8,小猫麻薯喵,问问bgm
警校五人组 松田阵平到底多痞多帅！！,BV1YZ4y1d7g8,ChrisEvans的饺子,以前的画风好看 永远的白月光
警校五人组 松田阵平到底多痞多帅！！,BV1YZ4y1d7g8,a瑶-,UP主加油！看好你噢~
警校五人组 松田阵平到底多痞多帅！！,BV1YZ4y1d7g8,睡不醒的ZAZZY,刚看完剧场版出来，真的好帅！
警校五人组 松田阵平到底多痞多帅！！,BV1YZ4y1d7g8,子书六號,只要你喜欢松田阵平我们就是好朋友ww~
警校五人组 松田阵平到底多痞多帅！！,BV1YZ4y1d7g8,mniAmelia,讲真，真的很喜欢零和松田脸上贴创可贴的样子！！！！！
警校五人组 松田阵平到底多痞多帅！！,BV1YZ4y1d7g8,淡林春染,虽然但是，我还是最喜欢赤井秀一[doge]完全的实力碾压好不好
警校五人组 松田阵平到底多痞多帅！！,BV1YZ4y1d7g8,薇筱染0203,[热词系列_害]
警校五人组 松田阵平到底多痞多帅！！,BV1YZ4y1d7g8,念沁雪,啊啊啊松田帅死了[喜欢]
警校五人组 松田阵平到底多痞多帅！！,BV1YZ4y1d7g8,念沁雪,@松田田-5114 还不快来看咱俩老公[脱单doge]
警校五人组 松田阵平到底多痞多帅！！,BV1YZ4y1d7g8,悲しみの向こうへ__,突然想起来漫画了，那个人谁能认出来是松田啊Σ(ﾟдﾟ;)
警校五人组 松田阵平到底多痞多帅！！,BV1YZ4y1d7g8,樱倾洛,现在的这个画风很少年气，能感受到意气风发，之前旧版的画风很优雅成熟，但也能让人感受到他的沉重。如果说警校篇是现在这个画风的话，我能接受，我想看他们那时肆意的样子。
警校五人组 松田阵平到底多痞多帅！！,BV1YZ4y1d7g8,cillina,有没有磕松佐的姐妹啊，有文可以推荐吗，我都找不到多少他们的文[大哭]
警校五人组 松田阵平到底多痞多帅！！,BV1YZ4y1d7g8,21st精神病人,前期画风真的帅，到后面变成世良快斗（？
警校五人组 松田阵平到底多痞多帅！！,BV1YZ4y1d7g8,_苏夜,马自达——
警校五人组 松田阵平到底多痞多帅！！,BV1YZ4y1d7g8,Aurora_Nott,明明刚开始是想来欣赏一下松田的美貌的，为什么我反而越看越伤心了啊(╥╯﹏╰╥)ง
警校五人组 松田阵平到底多痞多帅！！,BV1YZ4y1d7g8,账号已注销,服部  松田    快查学历
警校五人组 松田阵平到底多痞多帅！！,BV1YZ4y1d7g8,___WannaSay,我看这个系列的都很伤心 一方面想到这些人都已经牺牲了 一方面想着透子最后会不会也被写一个be的结局 就很难过[大哭][大哭][大哭]
警校五人组 松田阵平到底多痞多帅！！,BV1YZ4y1d7g8,鸡脚公主爱吃黄豆芽,这哪一集哟
警校五人组 松田阵平到底多痞多帅！！,BV1YZ4y1d7g8,陈小二biubiu,个人觉得99年到03年是名柯画风巅峰。。。
警校五人组 松田阵平到底多痞多帅！！,BV1YZ4y1d7g8,烤鱼蘸酱,以前的画风：这谁看了不迷糊[喜欢] 现在的画风：我是不是看迷糊了[囧]
警校五人组 松田阵平到底多痞多帅！！,BV1YZ4y1d7g8,想不到了QAQ,bgm是啥
警校五人组 松田阵平到底多痞多帅！！,BV1YZ4y1d7g8,账号已注销,阵平没痞气了，爷青结
警校五人组 松田阵平到底多痞多帅！！,BV1YZ4y1d7g8,东方树叶茉莉花茶900ml,后面画的太拉了 硬生生化成大众脸，而且一瞬间还看成世良真纯
警校五人组 松田阵平到底多痞多帅！！,BV1YZ4y1d7g8,十月冬季续篇,美黑了啊这是
警校五人组 松田阵平到底多痞多帅！！,BV1YZ4y1d7g8,云带林中挂,这里就告诉我们了，阵平在长大后在美白以及发型上面做了很大的功夫。
警校五人组 松田阵平到底多痞多帅！！,BV1YZ4y1d7g8,熊猫熊-,松田阵平在柯南里初登场处理炸弹的场景 一段回忆我就一直记得他到现在[保卫萝卜_哭哭]
警校五人组 松田阵平到底多痞多帅！！,BV1YZ4y1d7g8,珍珠奶茶加椰果o,双厨狂喜 !!!bgm和警校五人组都好爱!
警校五人组 松田阵平到底多痞多帅！！,BV1YZ4y1d7g8,西红柿炒蛋不要鸡蛋,松田年轻时和世良长得有点像啊
警校五人组 松田阵平到底多痞多帅！！,BV1YZ4y1d7g8,卡卡瓦夏是猫猫糕,呜呜，我的白月光阵平[拥抱][保卫萝卜_哭哭][哭泣]
警校五人组 松田阵平到底多痞多帅！！,BV1YZ4y1d7g8,結城夏野-,现在的松田是新一脸吗。。我对松田的印象还停留在早期的冷白皮帅哥
警校五人组 松田阵平到底多痞多帅！！,BV1YZ4y1d7g8,假意is,意难平
警校五人组 松田阵平到底多痞多帅！！,BV1YZ4y1d7g8,珥冬179,问一下，这个是哪一集！！！
跟 着 警 校 组 一 起 健 身 吧,BV1eM41167qg,进击的-MADAO,怀疑UP主的精神状态 你还好吗哈哈哈哈哈哈哈哈哈
跟 着 警 校 组 一 起 健 身 吧,BV1eM41167qg,壹只黒貓,这么搞笑又鬼畜的视频最后居然是刀[tv_难过]
跟 着 警 校 组 一 起 健 身 吧,BV1eM41167qg,川川同学C,爱了爱了[给心心][给心心]
跟 着 警 校 组 一 起 健 身 吧,BV1eM41167qg,voyyyy,哈哈我最喜欢肩部运动hhhh
跟 着 警 校 组 一 起 健 身 吧,BV1eM41167qg,去码头搞点麦辣鸡翅,我申请被小景踢脸！（？
跟 着 警 校 组 一 起 健 身 吧,BV1eM41167qg,言叶echo,降谷零什么时候报名男生女生向前冲
跟 着 警 校 组 一 起 健 身 吧,BV1eM41167qg,萌砸特制,哈哈哈哈哈哈哈哈哈哈哈哈，笑死了，神tm扩胸运动[喜极而泣]踢腿果然是我们景光宝贝捏[嘟嘟]
【名侦探柯南】名柯不缺帅哥,BV1d44y1U7tG,Kuma_zz,up居然剪了名柯[星星眼]
【名侦探柯南】名柯不缺帅哥,BV1d44y1U7tG,imsleeping_,剪的好好[星星眼]
亡夫回忆录？论萩原千速如何毁掉松田阵平人设！锅在青山！,BV1Y4BeBjEMu,拿错剧本的人生,话说，学生时代有个喜欢的大姐姐，然后表白被拒了。这算什么毁人设啊？
亡夫回忆录？论萩原千速如何毁掉松田阵平人设！锅在青山！,BV1Y4BeBjEMu,寻阡_ry,73是不是只会画那几种人设？我不行了
亡夫回忆录？论萩原千速如何毁掉松田阵平人设！锅在青山！,BV1Y4BeBjEMu,寻阡_ry,这下真成黑羽快斗了
亡夫回忆录？论萩原千速如何毁掉松田阵平人设！锅在青山！,BV1Y4BeBjEMu,君不是伊,明明是一个深明大义的警察，现在已经变成了一个疯狂幼稚的恋爱脑，松田好好的白月光形象现在感觉已经彻底被颠覆了，感觉现在就是强行拉低松田，抬高千速，他要是打个亲情就算是研二跟松田的CP，我都能接受，但是他非要这么执着于三角恋，真的非常无语，原本主推 警五，现在有点接受不了了
亡夫回忆录？论萩原千速如何毁掉松田阵平人设！锅在青山！,BV1Y4BeBjEMu,不婚主义者96,看出来很不喜欢萩原千速了。
亡夫回忆录？论萩原千速如何毁掉松田阵平人设！锅在青山！,BV1Y4BeBjEMu,北昭南木,萩松推已经碎了一地了，谁懂啊，以前我们写同人文还带千速姐玩，年少的表白毛头小子，根本没人当回事，千速姐完全就是成熟姐姐带着俩不省心的弟弟来的。。。。。。一觉醒来这个世界好像不认识了一样，千速姐你不要挖自己弟弟的墙角啊😱（研二酱尖叫
亡夫回忆录？论萩原千速如何毁掉松田阵平人设！锅在青山！,BV1Y4BeBjEMu,流了个星,弟扶魔？
亡夫回忆录？论萩原千速如何毁掉松田阵平人设！锅在青山！,BV1Y4BeBjEMu,异界守望者,松田也算是被73毁完了，要用本篇人物作比较的话，1200万时期的初次登场的松田，人设更偏向于高明那样的耍酷外冷内热型；而现在已然成了更偏向于快斗+平次的耍宝冲动热血型（更别说外形都跟快斗几乎分不清了……），又一个典型的官方OOC[辣眼睛]
亡夫回忆录？论萩原千速如何毁掉松田阵平人设！锅在青山！,BV1Y4BeBjEMu,白昼嘶吼,好多感情线太多余了，烦得很
亡夫回忆录？论萩原千速如何毁掉松田阵平人设！锅在青山！,BV1Y4BeBjEMu,Addiction_006,有没有人想过嗑 萩原研二x松田阵平 的大冤种们的心情？ 73别再写任何CP了，没有一个好吃的
亡夫回忆录？论萩原千速如何毁掉松田阵平人设！锅在青山！,BV1Y4BeBjEMu,优you嗷,让白月光直接变成了，呃，比普通人特殊一点的人
亡夫回忆录？论萩原千速如何毁掉松田阵平人设！锅在青山！,BV1Y4BeBjEMu,异界守望者,看来我好像跟好多人不一样，我是首先从外形就不喜欢千速这个角色，在一众红方里跟个外国人似的（改成酒厂成员貌似违和度低一点？[笑哭]） 还来个光翼展开带羽毛更是无力吐槽，赶紧开飞翼零式去吧大姐[辣眼睛]
亡夫回忆录？论萩原千速如何毁掉松田阵平人设！锅在青山！,BV1Y4BeBjEMu,Paranoia_noir,警校五人组的剧情早就结束了，尤其是松田，炸弹事件结束以后随着佐藤删掉的短信结束不是挺美好的白月光剧情，零的背景故事带出警校五人组我也可以算彩蛋和背景交代，但青山非要拿个由头水这种不知所谓的剧情[笑哭]一想到M29还是讲这些我就
亡夫回忆录？论萩原千速如何毁掉松田阵平人设！锅在青山！,BV1Y4BeBjEMu,枕曦-忱,我发现评论区大多数都是那种很久不看柯南的那种人哈，作为一个集集追过来的老人，说实话我不适感没有这么强烈，因为对我来说我只要把后续继续追下去，继续喜欢这个角色就够了，青山愿意圈钱就圈钱，这个IP这么久了，也不用指望后期能有多高光的角色和人物塑造，能给高人气的老角色多一点出场，我就很满意了，这么多年下来，不就是靠着高人气角色同人产出和厨子买单活到现在的吗，哪一个大IP不是这样呢，所以我觉得遗憾这种东西根本没有必要，你们作为很久不关注名柯的，只是把他当成一个童年回忆的老观众，本身也不会有那么大的支持和购买力，真正关注名柯的也老早就不在意这点东西了
亡夫回忆录？论萩原千速如何毁掉松田阵平人设！锅在青山！,BV1Y4BeBjEMu,47工程,你就庆幸整了个安室透和赤井秀一的男男cp吧，没这个玩意你一定会看到秀一和朱蒂或其他新人物拉个cp顺便鞭尸明美，给安室透再配一两个cp
亡夫回忆录？论萩原千速如何毁掉松田阵平人设！锅在青山！,BV1Y4BeBjEMu,幽谷霖佳,能接受1200w人质的松田也能接受警五的松田，我本来就是因为警五回的坑，但实际上我还是更喜欢1200w人质的松田。只是没想到1200w人质的松田和警校的松田割裂感已经够强了，73这一出直接把松田整成了小学鸡，哇塞
亡夫回忆录？论萩原千速如何毁掉松田阵平人设！锅在青山！,BV1Y4BeBjEMu,反式天才病,泯然众人。
亡夫回忆录？论萩原千速如何毁掉松田阵平人设！锅在青山！,BV1Y4BeBjEMu,无涯乐土,青山你有那么狠马自达吗…是个人都看不下去了…有人气是让你这么整的吗
亡夫回忆录？论萩原千速如何毁掉松田阵平人设！锅在青山！,BV1Y4BeBjEMu,五月肉包怪w,后期剧场版就是73编剧制作组都想加自己的东西，但这个太考验导演发挥了，人太多了观感很碎 ，只有m25人多还有回忆靠导演发挥还不错，2728导演就不行，现在29又是大仓他很喜欢搞一堆人，就看导演怎么发挥了现在不是立川满仲的电影都不放心，还是26这种模式好谁主役就重点讲谁没必要平衡所有人
亡夫回忆录？论萩原千速如何毁掉松田阵平人设！锅在青山！,BV1Y4BeBjEMu,五月肉包怪w,男赤井女千速，73最爱的两个角色，但赤井现在好久没出场了，在日本赤井不喜欢的很多，73强捧的角色往往容易反噬。m29如果票房比28还低那么73就要反思了，赤井现在已经很久没有主役了
亡夫回忆录？论萩原千速如何毁掉松田阵平人设！锅在青山！,BV1Y4BeBjEMu,五月肉包怪w,要是放现在松田也不会死了
亡夫回忆录？论萩原千速如何毁掉松田阵平人设！锅在青山！,BV1Y4BeBjEMu,Megumi的唯一老公,所以，萩原千速这个人物有什么意义？[笑哭]@爱吃拉面的小Lam同学
亡夫回忆录？论萩原千速如何毁掉松田阵平人设！锅在青山！,BV1Y4BeBjEMu,八法啊aaa,我服了青山那么喜欢三角恋吗？合着他口中的恋爱喜剧就是拿三角恋博流量是吧[笑哭]又不是安室透梦女在日本那战斗力很高，怕不是老贼又得拿安室透整个三角恋去[笑哭]
亡夫回忆录？论萩原千速如何毁掉松田阵平人设！锅在青山！,BV1Y4BeBjEMu,彼得-潘的永无乡,看他怎么看他怎么圆吧。距离摩天轮爆炸剧情中间还有一段时间差呢，但是我不知道他能圆成什么样
亡夫回忆录？论萩原千速如何毁掉松田阵平人设！锅在青山！,BV1Y4BeBjEMu,弦萧獄与,我觉得不是什么纯爱战神不纯爱战神的问题，首先这种设定就体现出73已经为了博眼球吸流量完全不顾角色塑造了，其次1200万人质让观众意难平的很大一部分原因是佐藤回忆视角下那个有点桀骜不驯又最终为了战友为了平民百姓牺牲的警官，佐藤会这么努力追查这个案子还被高木打也是她想替松田把这个案子彻底解决不让他白白牺牲，佐藤努力回忆一切细节为了破案，再写松田以前喜欢千速雄竞他的告白就从坦然赴死变成了不负责任了
亡夫回忆录？论萩原千速如何毁掉松田阵平人设！锅在青山！,BV1Y4BeBjEMu,避矢的加护,感觉73是掉钱眼里了
亡夫回忆录？论萩原千速如何毁掉松田阵平人设！锅在青山！,BV1Y4BeBjEMu,Dinnningcat,千速我从初登场就挺反感的。主要是我看车祸警示录看多了，看到她一交警玩摩托翘头我没绷住
亡夫回忆录？论萩原千速如何毁掉松田阵平人设！锅在青山！,BV1Y4BeBjEMu,马甲呦六个硬币改马甲,小声说，秀吉由美，苗子千叶我也不喜欢，警视厅恋爱物语除了高佐一口吃不下去。
亡夫回忆录？论萩原千速如何毁掉松田阵平人设！锅在青山！,BV1Y4BeBjEMu,人鱼兵甲,疯了
亡夫回忆录？论萩原千速如何毁掉松田阵平人设！锅在青山！,BV1Y4BeBjEMu,独孤雪松,有白月光还是其次，关键时隔多年把逼王塑造得太普通了，在观众看来就是ooc[笑哭][笑哭]
亡夫回忆录？论萩原千速如何毁掉松田阵平人设！锅在青山！,BV1Y4BeBjEMu,青山凌雾,千速一登场我还挺喜欢她的[笑哭]飒爽车神。我以为她就路过混个眼熟，今后最多再在追车戏上露个面。关于松田阵平对于千速的“喜欢”，我以为是青春期男高对帅气姐姐的春心萌动，完全不是喜欢，千速拒绝也是因为这个原因。
亡夫回忆录？论萩原千速如何毁掉松田阵平人设！锅在青山！,BV1Y4BeBjEMu,犀利划拉,觉得她很像游戏王5Ds里的雪莉呀，骑着摩托英姿飒爽地登场，一头金发风中飘扬，然后﹉就没有然后了，一出场就整点沉浸过往自我感动破坏气氛意义不明的烂活，看的人特别尴尬。
亡夫回忆录？论萩原千速如何毁掉松田阵平人设！锅在青山！,BV1Y4BeBjEMu,死芒的狗,这松田怎么有种快斗味(可能也和73画帅哥脸都这个风格他俩发型还像有关)
亡夫回忆录？论萩原千速如何毁掉松田阵平人设！锅在青山！,BV1Y4BeBjEMu,试图发现学习的快乐,怎么可能有人天生就人狠话不多[OK]
亡夫回忆录？论萩原千速如何毁掉松田阵平人设！锅在青山！,BV1Y4BeBjEMu,我的人都是我的朋友们,这下子白月光成白米粒了
亡夫回忆录？论萩原千速如何毁掉松田阵平人设！锅在青山！,BV1Y4BeBjEMu,拉屎仙人掌,这都几角恋了？
亡夫回忆录？论萩原千速如何毁掉松田阵平人设！锅在青山！,BV1Y4BeBjEMu,珂学家爱珂学,提了一嘴ugo让我真蚌埠住了
亡夫回忆录？论萩原千速如何毁掉松田阵平人设！锅在青山！,BV1Y4BeBjEMu,沁园沁飞,得亏柯南里没啥常驻的宠物，不然也得谈个恋爱
亡夫回忆录？论萩原千速如何毁掉松田阵平人设！锅在青山！,BV1Y4BeBjEMu,千若胧雪,太可笑了，一个角色本来形象已经立起来了，后来凭空塑造出一个完全不一样的形象还偏要说这是他，腿毛还纷纷洗地说“他本来就是这样的啊”“你不能接受就不是喜欢完整的他”，这种言论真是恶心！这些人凭什么说这个剧变的形象是“完整的他”啊，我还说这是某个不知名的人不知名的意志夺舍了原本的人呢！呸！
亡夫回忆录？论萩原千速如何毁掉松田阵平人设！锅在青山！,BV1Y4BeBjEMu,若草山秃,白月光还是死了的好[OK]
亡夫回忆录？论萩原千速如何毁掉松田阵平人设！锅在青山！,BV1Y4BeBjEMu,游客_A,和赤井秀一那一大家子一样，感觉逼格暴跌，说真的部分角色是只有他一个人时很帅，与之牵连的人物越多越没趣。就像越水七槻，为朋友报完仇干净利落地接受后果，又帅又有趣，如果给她安排个什么一直暗恋的竹马，喜欢朋友的哥哥之类的设定就变成好无聊一女的。
亡夫回忆录？论萩原千速如何毁掉松田阵平人设！锅在青山！,BV1Y4BeBjEMu,Ptune-,啊不是，我好久没看了，松田不是喜欢佐藤的吗[热]话说人都死那么多年了就别老拉人出来了吧[辣眼睛]
亡夫回忆录？论萩原千速如何毁掉松田阵平人设！锅在青山！,BV1Y4BeBjEMu,茉莉_坎贝尔,我感觉千速这个人物有问题，如果让一个角色很快就有梦男梦女，那么最好要让她单身，就像安室。可千速一开始就有异性cp。如果有异性cp还要高人气的话，那么就要一点点的和观众培养感情，要很多优质剧情。可她又才登场没多久，没多少剧情，只能和警校五人组扯上关系。我是真不知道她要怎么扛起一部剧场版。
亡夫回忆录？论萩原千速如何毁掉松田阵平人设！锅在青山！,BV1Y4BeBjEMu,月半清泉,我是萩原研二推很早就喜欢他，刚得知他要多个姐姐的时候还以为73要补全他的塑造了，毕竟在此之前他的塑造少得可怜，结果嗯，我真没看出来姐姐对研二有什么感情，根本懒得塑造吗，整点亲情向不适感不是会比现在少得多吗
亡夫回忆录？论萩原千速如何毁掉松田阵平人设！锅在青山！,BV1Y4BeBjEMu,笨墨兔爷,显得松田对佐藤的感情像在找替身…
亡夫回忆录？论萩原千速如何毁掉松田阵平人设！锅在青山！,BV1Y4BeBjEMu,锦瑟华年玉生烟,我认为最大的问题是，千速这么频繁回忆起松田，明显是从前也对松田有好感，（横沟也意识到了）那既然这样，为什么不答应松田的追求？ 佐藤和松田CP粉意难平，是因为松田牺牲了所以没能圆满呀。如果千速和松田的好感双向的，那就应该在一起啊，为什么莫名其妙也意难平？那还有后面佐藤什么事啊？然后现在千速对横沟的态度也这样，感觉是有一点好感的，但是就是这样钓着他像逗狗一样。就显得千速人品有问题，就喜欢钓着男人显得自己被人追很有人格魅力。
亡夫回忆录？论萩原千速如何毁掉松田阵平人设！锅在青山！,BV1Y4BeBjEMu,Ryanleeok,青山问答 Q：千速为什么会那么坚持的不肯回应阵平的心意呢？ A：大概是因为她讨厌那种“反正当然会变成他的女朋友吧”的这种感觉吧？[疑惑][疑惑][疑惑]
亡夫回忆录？论萩原千速如何毁掉松田阵平人设！锅在青山！,BV1Y4BeBjEMu,sun02,松田推你们还好吗？
亡夫回忆录？论萩原千速如何毁掉松田阵平人设！锅在青山！,BV1Y4BeBjEMu,每天一口松甜甜,松推选择含泪溺爱了[大哭]每天就扣着这么点剧情吃，松甜甜初恋千速，接受了，松田给千速带戒指，也接受。但是73能不能别再搞什么三角恋了球球了!这些天首页上看的都是松甜甜ooc真的心塞的要死，看多了前两天还做了噩梦，松推现在完全把同人粮当药吃了[大哭]
亡夫回忆录？论萩原千速如何毁掉松田阵平人设！锅在青山！,BV1Y4BeBjEMu,一个小-号,我算是明白了，73就喜欢搞幼驯染和三角恋……真是不忘恋爱喜剧的初心啊，恋爱，都给我恋爱
亡夫回忆录？论萩原千速如何毁掉松田阵平人设！锅在青山！,BV1Y4BeBjEMu,何时接灵应,我觉得横沟是不太适合拍言情剧的那种
亡夫回忆录？论萩原千速如何毁掉松田阵平人设！锅在青山！,BV1Y4BeBjEMu,什一想上研,名柯是不是要接近大结局篇了，青山开始搞抽象学租借女友疯狂搞逆天剧情水剧情？
亡夫回忆录？论萩原千速如何毁掉松田阵平人设！锅在青山！,BV1Y4BeBjEMu,5斤黄瓜,73赶紧完结吧
亡夫回忆录？论萩原千速如何毁掉松田阵平人设！锅在青山！,BV1Y4BeBjEMu,所有都被一笔概括,我还以为是我看错了名字，仔细看了1分钟，然后点进来看，原来是真的牺牲的警察。。。
亡夫回忆录？论萩原千速如何毁掉松田阵平人设！锅在青山！,BV1Y4BeBjEMu,Archduchess,有人气就得强制谈恋爱啊，死了也跑不掉[吃瓜]
亡夫回忆录？论萩原千速如何毁掉松田阵平人设！锅在青山！,BV1Y4BeBjEMu,ChickenK,[笑哭]原本就是作者眼里的NPC，结果画太帅了人气太高了，被逼着卖，从去世再拿出来卖就已经毁掉了。。
亡夫回忆录？论萩原千速如何毁掉松田阵平人设！锅在青山！,BV1Y4BeBjEMu,每天都在看弟控发癫,新篇章想到死去的弟弟和好友不是怀念而是想起当年的求婚真是难绷，给我感觉没有他俩没有年纪轻轻壮烈牺牲，就是在回忆两个活得好好的弟弟的年轻糗事.......
亡夫回忆录？论萩原千速如何毁掉松田阵平人设！锅在青山！,BV1Y4BeBjEMu,不冻港前看月光,真的是不谈恋爱就活不下去了吗，真的是两眼一黑的程度。脸脸没了，现在还乱七八糟的加了一堆不可名状之物。青山还有什么能恶心的招全出出来好嘛，别一天像挤牙膏一样一点又一点的来恶心人。真的搞的很无语，连带着现在有点讨厌荻原千速这个形象了
亡夫回忆录？论萩原千速如何毁掉松田阵平人设！锅在青山！,BV1Y4BeBjEMu,伊人如斯X,为什么要说是千速毁了松田？这明明是青山的锅，不应该怪到角色身上吧？我觉得这个标题不太妥吧
亡夫回忆录？论萩原千速如何毁掉松田阵平人设！锅在青山！,BV1Y4BeBjEMu,小心学习学习小吴同学,青山就是想告诉大家，他不是纯爱战士，他并不太看中“从一而终”。
柯南干声（只有个人片段）-松田阵平,BV1Xw4m197ke,Sherring_,说实话，这是我童年男神，唯一的槽点是看了火影总会有药师兜的变态脸出现 … 😂
柯南干声（只有个人片段）-松田阵平,BV1Xw4m197ke,Yurikusa,帮大忙了谢谢你
柯南干声（只有个人片段）-松田阵平,BV1Xw4m197ke,96035648695_bili,啊神奈这破锣嗓子(？)真的很适合各种地痞流氓(？)啊
柯南干声（只有个人片段）-松田阵平,BV1Xw4m197ke,iam白夜,爱死了，昨晚低音量单曲循环一宿，有松甜甜哄睡～睡的嘎嘎安稳[打call][打call][打call][打call]
柯南干声（只有个人片段）-松田阵平,BV1Xw4m197ke,潮汐执政官,爱死了啊啊啊请务必多发！
柯南干声（只有个人片段）-松田阵平,BV1Xw4m197ke,朝歌如岚,爱死了爱死了，ai作品请务必多发，想多听听松甜甜
柯南干声（只有个人片段）-松田阵平,BV1Xw4m197ke,兴欣叶师傅接刷野图,啊啊啊啊啊啊辛苦了，好好听啊松甜甜的声音
柯南干声（只有个人片段）-松田阵平,BV1Xw4m197ke,生化中挣扎,前排前排
柯南干声（只有个人片段）-松田阵平,BV1Xw4m197ke,Liang阿扬君,[打call][打call][打call]
柯南干声（只有个人片段）-松田阵平,BV1Xw4m197ke,羽洛STZP,优秀啊
【警校组】see you again永远的五人组,BV1Z84y1v74V,芜湖大司马的爷爷,降谷零也在时刻想着和旧友see again吧
【警校组】see you again永远的五人组,BV1Z84y1v74V,treeliz,剪的好棒！[给心心][给心心]
【警校组】see you again永远的五人组,BV1Z84y1v74V,越钟眠,这首歌太合适了[大哭]第一句歌词真是想想就伤心，希望他们能重逢，又希望不要那么快重逢。独行的旅途，一定寒冷又疲惫吧[大哭]
【松田阵平｜乙女向】-你啊，是在装傻吗？,BV1B54y1c7ob,Matsudamaejetlyn,老师老师，阵平酱的乙向想要女摩多摩多[大哭][大哭][大哭][大哭][蹲蹲][蹲蹲][蹲蹲][蹲蹲][蹲蹲]
【松田阵平｜乙女向】-你啊，是在装傻吗？,BV1B54y1c7ob,Sherring_,求求了，多出点松田吧！[蹲蹲][蹲蹲][蹲蹲]
【松田阵平｜乙女向】-你啊，是在装傻吗？,BV1B54y1c7ob,查无此懿,今天重看的时候才发现最后亲了……个死木头我
【松田阵平｜乙女向】-你啊，是在装傻吗？,BV1B54y1c7ob,松田的狗,我是最晚的[大哭]
【松田阵平｜乙女向】-你啊，是在装傻吗？,BV1B54y1c7ob,JaMSeaNa,松田的声音真的超苏
【松田阵平｜乙女向】-你啊，是在装傻吗？,BV1B54y1c7ob,就是爱小哀,啊，阵平……
【松田阵平｜乙女向】-你啊，是在装傻吗？,BV1B54y1c7ob,丁酱饼,松平酱宝贝我非常愿意和你回你家
【松田阵平｜乙女向】-你啊，是在装傻吗？,BV1B54y1c7ob,祝子久,老师！！！更新更新阵平吧[大哭]
【松田阵平｜乙女向】-你啊，是在装傻吗？,BV1B54y1c7ob,及时享乐JSXI,阵平亲亲亲亲亲亲亲亲亲亲亲
【松田阵平｜乙女向】-你啊，是在装傻吗？,BV1B54y1c7ob,克里斯蒂娜-里德尔,啊，迅速call小林夕
【松田阵平｜乙女向】-你啊，是在装傻吗？,BV1B54y1c7ob,两片面包夹安室,@stywthe 我昨天晚上听的[doge]
【松田阵平｜乙女向】-你啊，是在装傻吗？,BV1B54y1c7ob,念沁雪,@松田田-5114 集美快进来做梦[星星眼]
【松田阵平｜乙女向】-你啊，是在装傻吗？,BV1B54y1c7ob,芝芝莓莓Sze,好喜欢开头的BGM[星星眼][星星眼]
【松田阵平｜乙女向】-你啊，是在装傻吗？,BV1B54y1c7ob,人间绝色罢了,老公我来了来晚了但是我来了
【松田阵平｜乙女向】-你啊，是在装傻吗？,BV1B54y1c7ob,犹忆落梅曲,[喜欢][喜欢][喜欢]
【松田阵平｜乙女向】-你啊，是在装傻吗？,BV1B54y1c7ob,吃鱼水母,啊！这是官方的还是太太剪辑的呀？
【松田阵平｜乙女向】-你啊，是在装傻吗？,BV1B54y1c7ob,Chihiro千寻景零,[万圣节的新娘_邪魅一笑]
【松田阵平｜乙女向】-你啊，是在装傻吗？,BV1B54y1c7ob,ACOUSMA,对不起，警校五人组们，今晚不跟你们合租了，我要出去浪[doge]
【松田阵平｜乙女向】-你啊，是在装傻吗？,BV1B54y1c7ob,慕南帆,半夜发现什么好东西[星星眼]首页你做的好啊[打call][脱单doge]
【松田阵平｜乙女向】-你啊，是在装傻吗？,BV1B54y1c7ob,桧遇见起,松田摩多摩多！[脱单doge][脱单doge]
【松田阵平｜乙女向】-你啊，是在装傻吗？,BV1B54y1c7ob,住在隔壁的奶奶,我还以为他带我回家是让我修墙的
【松田阵平｜乙女向】-你啊，是在装傻吗？,BV1B54y1c7ob,玖87654321,此刻我要点名一个金发混蛋，你看看所有人都搞上同居了，只有某公安还在朗读舞台剧！！！零零你给力点啊！！！你这么纯情我六根发言什么时候才能实现？？[原神_哼][原神_哼][原神_哼]
【松田阵平｜乙女向】-你啊，是在装傻吗？,BV1B54y1c7ob,账号已注销,啊啊啊啊是我老公
【松田阵平｜乙女向】-你啊，是在装傻吗？,BV1B54y1c7ob,入间Shiko,zerohirohagi秀一高明哥我今晚加班[喜欢]
【松田阵平｜乙女向】-你啊，是在装傻吗？,BV1B54y1c7ob,幽灵水母日记,卷毛小狗是懂打直球的🥺
【松田阵平｜乙女向】-你啊，是在装傻吗？,BV1B54y1c7ob,白露小浊酒,没关系，我可以东京长野两头跑[doge][doge][doge]
【松田阵平｜乙女向】-你啊，是在装傻吗？,BV1B54y1c7ob,你我未曾听过的终末,设想未来（我的垃圾文笔胡乱写点）  住在这里后你发现松田阵平回来的频率不像他说的那么少，你有问过他原因但是他没有说。某天晚上你睡的比较晚，察觉到他回来后急忙装睡（假设有两间卧室你一间他一间）发现他走进了你的房间，你还在疑惑他要做些什么，却被轻轻放在头上的手打断了思绪，随后额头感受到他的轻吻。“因为有你在家啊。”
【松田阵平｜乙女向】-你啊，是在装傻吗？,BV1B54y1c7ob,喵子丢了她的脑壳,小阵平别别扭扭地让人住自己的公寓时，完全没想到自己不回家的时候隔壁房间还有蠢蠢欲动的幼驯染……（警官公寓的隔音效果到底如何呢）
【松田阵平｜乙女向】-你啊，是在装傻吗？,BV1B54y1c7ob,木只夏夏夏,吼吼吼吼吼刚刚放学到家就耍到了管家的视频！[星星眼]（在学校信息课时也不忘看一眼 可惜不能登录评论）别管我啦 我现在就去找零零忏悔
【松田阵平｜乙女向】-你啊，是在装傻吗？,BV1B54y1c7ob,南国春和,hagi我今晚出去一下哦[doge]
【松田阵平｜乙女向】-你啊，是在装傻吗？,BV1B54y1c7ob,碎碎念仙人,甜心！！！
【松田阵平｜乙女向】-你啊，是在装傻吗？,BV1B54y1c7ob,雨洛寒夜,阵平酱你终于带人回家了呜呜呜哇哇哇
【松田阵平｜乙女向】-你啊，是在装傻吗？,BV1B54y1c7ob,巫芝伢,我啪的一下就点进来了[脱单doge]
【松田阵平｜乙女向】-你啊，是在装傻吗？,BV1B54y1c7ob,喵喵喵猫猫猫喵喵喵,午休一起来就有松田田看，真好[星星眼]
【松田阵平｜乙女向】-你啊，是在装傻吗？,BV1B54y1c7ob,Fseokhyun,啊啊啊啊啊上课课间看到了[喜欢][喜欢][喜欢]晚上回去就听[喜欢][喜欢]
【松田阵平｜乙女向】-你啊，是在装傻吗？,BV1B54y1c7ob,请NPC速速与我结婚,[星星眼][星星眼][星星眼]
【松田阵平｜乙女向】-你啊，是在装傻吗？,BV1B54y1c7ob,巴卫大人的小耳朵,告诉高明哥，今晚我就不回去了[脱单doge]
【松田阵平｜乙女向】-你啊，是在装傻吗？,BV1B54y1c7ob,尘埃目前不在,火速赶来！是一分钟前还热乎乎的管家！
【松田阵平｜乙女向】-你啊，是在装傻吗？,BV1B54y1c7ob,月落天白丷,马上就跟马自达回家！！
【松田阵平｜乙女向】-你啊，是在装傻吗？,BV1B54y1c7ob,澈澈888,哇～～～赶上啦
【松田阵平｜乙女向】-你啊，是在装傻吗？,BV1B54y1c7ob,施施Uu,[喜欢][喜欢][喜欢][喜欢][喜欢]唉呀妈呀
【松田阵平｜乙女向】-你啊，是在装傻吗？,BV1B54y1c7ob,十飒绒-,怎么可以打我捏呜呜呜呜小阵平你小心我爬墙
【松田阵平｜乙女向】-你啊，是在装傻吗？,BV1B54y1c7ob,青柠potato片,芜湖！是阵平酱！[打call]
【松田阵平｜乙女向】-你啊，是在装傻吗？,BV1B54y1c7ob,MLLの,阵平终于赶上其他人的进度了 知道去家里了[doge]
【松田阵平｜乙女向】-你啊，是在装傻吗？,BV1B54y1c7ob,十飒绒-,小阵平的家啊啊啊啊啊[星星眼]
【松田阵平｜乙女向】-你啊，是在装傻吗？,BV1B54y1c7ob,十飒绒-,赶上了啊啊啊啊啊啊啊热乎的[星星眼][星星眼][星星眼][星星眼][星星眼]
【松田阵平｜乙女向】-你啊，是在装傻吗？,BV1B54y1c7ob,十飒绒-,我是第一个三连！！！！！[星星眼][星星眼]
聆听寂静的声音,BV17XHZeuEWB,不懂抛物线的美,理解佐藤警官了！
聆听寂静的声音,BV17XHZeuEWB,七濑陆天下第一萌,可以出个妆教视频吗[打call]
聆听寂静的声音,BV17XHZeuEWB,琴酒本尊,这也太还原了，还以为是本人呢
聆听寂静的声音,BV17XHZeuEWB,琴酒本尊,恐怖的还原
聆听寂静的声音,BV17XHZeuEWB,易蓝kokuuji,老师，您太伟大了，我从小红书追到B站[打call]
聆听寂静的声音,BV17XHZeuEWB,半_天_,啊啊啊啊啊啊啊啊啊啊啊啊啊啊啊啊啊啊啊啊啊啊啊啊啊啊好绝啊啊啊啊啊啊啊啊啊老师我要誓死追随你www（墨镜是哪款啊有链接吗老师这个墨镜真的好还原。。。）
聆听寂静的声音,BV17XHZeuEWB,科学永不掉线,我的天呐 啊啊啊
聆听寂静的声音,BV17XHZeuEWB,为什么名字还限制长度,其实我觉得我表哥最像松田
聆听寂静的声音,BV17XHZeuEWB,北欧瓶子,"bro,这么像啊,一顿几个松田阵平啊。"
聆听寂静的声音,BV17XHZeuEWB,老刘理理我,出一个无条悟吧老师
聆听寂静的声音,BV17XHZeuEWB,松田酱,天哪老师。。
聆听寂静的声音,BV17XHZeuEWB,所有人叫哥哥,老师不仅没有大佬架子还还原。三连不得不奉上了。[大哭][大哭][大哭]
聆听寂静的声音,BV17XHZeuEWB,春野さくら-春野樱,在外面以为是黑瞎子点进去我的意难平
聆听寂静的声音,BV17XHZeuEWB,工藤靜衣,阵平啊啊啊啊(尖叫）
聆听寂静的声音,BV17XHZeuEWB,ユキyuki_,老公你为什么留我一个人在世界上😭我补药当寡妇啊
聆听寂静的声音,BV17XHZeuEWB,来年三月春,我咧个豆起猛了刷到我白月光了@经年April @阿七岂不气 @_CaO氧化钙_ @诗晤 @秋月冰蓝Satoru
聆听寂静的声音,BV17XHZeuEWB,秋石林,老师可以要电子签名吗！！！太还原了！！！！[喜欢][喜欢]
聆听寂静的声音,BV17XHZeuEWB,38岁纯情乐老师,我手速很快，所以我才能在最后五秒告诉你我爱你
聆听寂静的声音,BV17XHZeuEWB,-Titania-,你好！结婚！立刻马上！[给心心]
聆听寂静的声音,BV17XHZeuEWB,阴湿男鬼爱上我,想到了某个会发光的阴间谷子，对没错，发光场景就是炸弹爆炸的场景！！！[墨镜]
聆听寂静的声音,BV17XHZeuEWB,鸵鸟鸟鸟,我嘞个白月光，好还原老大
聆听寂静的声音,BV17XHZeuEWB,轻情不宜,主播下期来一个毛利兰的吧 ，求求了，我是真的非常喜欢新兰
聆听寂静的声音,BV17XHZeuEWB,轻情不宜,看得出来主播是非常喜欢看名侦探柯南的呢 ，和我一样呢
聆听寂静的声音,BV17XHZeuEWB,某神秘b站用户,看见封面不点进来就知道是谁的程度
聆听寂静的声音,BV17XHZeuEWB,--朔望--,好还原
聆听寂静的声音,BV17XHZeuEWB,水中的鱼果,一模一样
聆听寂静的声音,BV17XHZeuEWB,居安_JUAN_,https://b23.tv/BV1AUy6YBE2Z 松田阵平1107微电影，希望大家来看[打call]
聆听寂静的声音,BV17XHZeuEWB,别把蛋糕弄我脸上,我嘞个顶级白月光啊！！！
聆听寂静的声音,BV17XHZeuEWB,Vito_Korey,我趣 松甜甜 勞斯好還原！！🥹🥰
聆听寂静的声音,BV17XHZeuEWB,momo---promax,老师您也太帅了吧！！！！
聆听寂静的声音,BV17XHZeuEWB,倾流鸢,坏了，碰到真人了[doge]
聆听寂静的声音,BV17XHZeuEWB,菠鹿萝蜜,阵平[大哭]
聆听寂静的声音,BV17XHZeuEWB,酱骨好吃,白月光复活，我去接[doge]
聆听寂静的声音,BV17XHZeuEWB,仢仡,哇  阵平！！
聆听寂静的声音,BV17XHZeuEWB,瓦斯灯下的蝴蝶结,@固执一勺盐
聆听寂静的声音,BV17XHZeuEWB,匆匆离开的你,老师我爱你[doge][doge][doge]
聆听寂静的声音,BV17XHZeuEWB,plz请教我数学谢谢,阵平[大哭]
聆听寂静的声音,BV17XHZeuEWB,onrlik,我的天，哥们，你是真人吗？[喜欢]
聆听寂静的声音,BV17XHZeuEWB,清风拂杨柳艾,啊，我那早死的白月光[大哭]
聆听寂静的声音,BV17XHZeuEWB,暖暖的早午茶,刚在老福特刷到[星星眼]
聆听寂静的声音,BV17XHZeuEWB,灰域素界,我天哪时隔十年看到了田在三次的样子！老师写不写to签哇？
聆听寂静的声音,BV17XHZeuEWB,Atr君,松田阵平
聆听寂静的声音,BV17XHZeuEWB,响响子-,拆弹专家我就知道你没有死[tv_难过]
聆听寂静的声音,BV17XHZeuEWB,子兮的兮,我去[大哭]
聆听寂静的声音,BV17XHZeuEWB,琳六子Camellia,好恐怖的还原度，打哈欠那张真的幻视原画
聆听寂静的声音,BV17XHZeuEWB,W-达步佑星,或歌老师是你吗[星星眼]
聆听寂静的声音,BV17XHZeuEWB,Changale,首页推荐来了[星星眼]
聆听寂静的声音,BV17XHZeuEWB,纽约雪,妈呀，白月光
聆听寂静的声音,BV17XHZeuEWB,hiGHnEssTYU,我那死去的白月光
聆听寂静的声音,BV17XHZeuEWB,不要法了啊,好帅好帅天啊[打call][打call][打call]
聆听寂静的声音,BV17XHZeuEWB,银竹橘络,再次看到，恍如隔世…
聆听寂静的声音,BV17XHZeuEWB,bili_3546735188117902,白月光啊
聆听寂静的声音,BV17XHZeuEWB,等六月时,我嘞个松田本人啊
聆听寂静的声音,BV17XHZeuEWB,夜晚寂静的星空,一毛一样[大哭]
聆听寂静的声音,BV17XHZeuEWB,-江敖-,好帅😭🌹
聆听寂静的声音,BV17XHZeuEWB,糍苑,阵平!!!白月光!!![星星眼][星星眼][星星眼]老师好伟大
聆听寂静的声音,BV17XHZeuEWB,白井粢,呜呜呜，老师谢谢你让我再次看到我那早逝的白月光[大哭]
聆听寂静的声音,BV17XHZeuEWB,cn一屿,啊啊啊，白月光
聆听寂静的声音,BV17XHZeuEWB,葱花鱼百年好合,真的是很还原啊啊[星星眼]特别是第一张
聆听寂静的声音,BV17XHZeuEWB,瑀果子,我去，要不要这么帅？我去，牛逼！！！！！
【时停错觉】荻原研二印象,BV1sV4y1L78o,lovezhixiao,不得不说 研二是五人组里最帅的 之前一直活在白月光松田的台词里 这次剧场版25柯南和松田都是受到他的启发才解决难题的 研二 你很棒 虽然走了但依然帮助朋友守护正义 你真棒 研二
[中字]柯南M29倒计时DAY5预告——松田阵平&萩原研二,BV1kMDGBAEmj,世良侦探,研二和姐姐的最后一面[大哭]
[中字]柯南M29倒计时DAY5预告——松田阵平&萩原研二,BV1kMDGBAEmj,带耳机的李冠一,（杨天翔没有小破站的号）
[中字]柯南M29倒计时DAY5预告——松田阵平&萩原研二,BV1kMDGBAEmj,带耳机的李冠一,@B站de边江
以前官方画的松田阵平VS现在官方画的松田阵平,BV1VS4y1w7n1,袁真人,脸变圆了？
以前官方画的松田阵平VS现在官方画的松田阵平,BV1VS4y1w7n1,骂我的人是给子,这特么是一个人？从型男变高中生啊
以前官方画的松田阵平VS现在官方画的松田阵平,BV1VS4y1w7n1,the鸭脖,世良黑发版
以前官方画的松田阵平VS现在官方画的松田阵平,BV1VS4y1w7n1,紫落之歌,我是看新版入坑的，一个那是年轻的，一个那个年长一些，我觉得其实都挺好看的，嗯，我个人还是更喜欢新版的，因为我感觉那样子看着更有青春活力
以前官方画的松田阵平VS现在官方画的松田阵平,BV1VS4y1w7n1,青蓝冰伞丿,⊙∀⊙！
以前官方画的松田阵平VS现在官方画的松田阵平,BV1VS4y1w7n1,酒厂劳模琴酒1,我们家松宝宝不长这样
以前官方画的松田阵平VS现在官方画的松田阵平,BV1VS4y1w7n1,山月薄雾,新版一出我还以为是变黑的世良真纯
以前官方画的松田阵平VS现在官方画的松田阵平,BV1VS4y1w7n1,杀戮的最后,青山废了
以前官方画的松田阵平VS现在官方画的松田阵平,BV1VS4y1w7n1,Spirytuspkb,新一基德和松田，早起都是比较白的，咋后期被晒黑了
以前官方画的松田阵平VS现在官方画的松田阵平,BV1VS4y1w7n1,傅剑寒寒寒,以前偏洗衣机，现在偏世良
以前官方画的松田阵平VS现在官方画的松田阵平,BV1VS4y1w7n1,蠢猫一只,如果是现在的画风，也不会这么意难平了[笑哭]
以前官方画的松田阵平VS现在官方画的松田阵平,BV1VS4y1w7n1,蓝绿风云,这竟然是一个人吗[惊讶][惊讶][惊讶]
以前官方画的松田阵平VS现在官方画的松田阵平,BV1VS4y1w7n1,我决定要改名字了,[笑哭]居然是同一个人
以前官方画的松田阵平VS现在官方画的松田阵平,BV1VS4y1w7n1,锦瑟的星空,松田真tm帅
以前官方画的松田阵平VS现在官方画的松田阵平,BV1VS4y1w7n1,撒摩耶,新画风可爱，但是原画风太俊美了
以前官方画的松田阵平VS现在官方画的松田阵平,BV1VS4y1w7n1,是琉璃糖,@机器工具人  0:23识别歌曲
以前官方画的松田阵平VS现在官方画的松田阵平,BV1VS4y1w7n1,你若骂我我必骂你,现在大伙发量都好少还塌，气色也不好都灰头土脸的，怎么是反映现实精神状态吗
以前官方画的松田阵平VS现在官方画的松田阵平,BV1VS4y1w7n1,苏木笺,以前是白月光啊！！
以前官方画的松田阵平VS现在官方画的松田阵平,BV1VS4y1w7n1,fingon小天使,其实警校五人组漫画的时候就崩了
以前官方画的松田阵平VS现在官方画的松田阵平,BV1VS4y1w7n1,xvsiksvdueossgwk,一直觉得松田阵平和白马探是最帅的，现在觉得大和敢助也很帅。松田是斯文中带着狂野，温和中一抹痞帅的。白马是优雅绅士，敢助有范儿。现在的画风……
以前官方画的松田阵平VS现在官方画的松田阵平,BV1VS4y1w7n1,生米煲甜粥,现在的画风大家都用同一张脸，制作组可轻松了啊
以前官方画的松田阵平VS现在官方画的松田阵平,BV1VS4y1w7n1,北冥的楠木,早期松田真的是惊鸿一瞥，一眼万年的帅，方面被他迷的死去活来的，现在真的比不上之前[藏狐]
以前官方画的松田阵平VS现在官方画的松田阵平,BV1VS4y1w7n1,给我也整一個,这是同一个人？
以前官方画的松田阵平VS现在官方画的松田阵平,BV1VS4y1w7n1,科学永不掉线,好看 好看 @005江少 [三花猫]
以前官方画的松田阵平VS现在官方画的松田阵平,BV1VS4y1w7n1,在梦中摇曳,…我们家松甜甜不长这样的，他长这样啊！⬇️
以前官方画的松田阵平VS现在官方画的松田阵平,BV1VS4y1w7n1,斯斯斯派克wow,后期画风崩了，不过前期松田确实好帅@好香合泥煎意面-
以前官方画的松田阵平VS现在官方画的松田阵平,BV1VS4y1w7n1,Onemoremysta,上班都是有班味的[doge_金箍]
以前官方画的松田阵平VS现在官方画的松田阵平,BV1VS4y1w7n1,不想参与宏观叙事,其实吧，警校没毕业气质了发型了毛头小子一点没问题，但是这个脸型跟肤色是真的很难不让人吐槽
以前官方画的松田阵平VS现在官方画的松田阵平,BV1VS4y1w7n1,张花葵,变成这个样了
以前官方画的松田阵平VS现在官方画的松田阵平,BV1VS4y1w7n1,更新啊不要迷手机啊555,说松田那时候年龄小看起来幼的，那时候他都大学毕业了还幼啊，不看看他幼驯染脸照成什么样子了，纯纯是没画好
以前官方画的松田阵平VS现在官方画的松田阵平,BV1VS4y1w7n1,Yuki橙子,[笑哭]看到以前的之前：还行吧？ 看到曾经的之后：我去，刚才那谁？！
以前官方画的松田阵平VS现在官方画的松田阵平,BV1VS4y1w7n1,酒丶清歌,不得不说松田阵平这个角色也是里程碑式的一个人物了，在正剧中出场仅仅不到十分钟的一个人物却能被国内外众多柯迷怀念了十几快二十年的[笑哭][笑哭]
以前官方画的松田阵平VS现在官方画的松田阵平,BV1VS4y1w7n1,被挠参盯上了,说年纪不一样的，警校是大学读完后上的，一般就半年，然后上岗。中间差不了太多，都成年了也不会长了吧，现在的警校时期完全是当作未成年来画
以前官方画的松田阵平VS现在官方画的松田阵平,BV1VS4y1w7n1,MINAM_1,果然白月光就应该只在回忆里。。。
以前官方画的松田阵平VS现在官方画的松田阵平,BV1VS4y1w7n1,我是茗夏团小怡吖,以前是青野厚司哈
以前官方画的松田阵平VS现在官方画的松田阵平,BV1VS4y1w7n1,月光下的魔术师_1412号,动画组我恨你一辈子，你还我男神啊！！！！
以前官方画的松田阵平VS现在官方画的松田阵平,BV1VS4y1w7n1,Autumn2077,太帅了
以前官方画的松田阵平VS现在官方画的松田阵平,BV1VS4y1w7n1,晴天-太平洋的海龟,小时候无聊就看看柯南，松田阵平是我在整部柯南里唯一称得上是喜欢的角色
以前官方画的松田阵平VS现在官方画的松田阵平,BV1VS4y1w7n1,永恒的晴空,现在看其实已经不错了
以前官方画的松田阵平VS现在官方画的松田阵平,BV1VS4y1w7n1,陈佳明的迷妹,以前的时候是少年警察 后面成熟了很多肯定不一样啊
以前官方画的松田阵平VS现在官方画的松田阵平,BV1VS4y1w7n1,账号已注销,果然白月光还是死的好[微笑]
以前官方画的松田阵平VS现在官方画的松田阵平,BV1VS4y1w7n1,恶人凯,合体
以前官方画的松田阵平VS现在官方画的松田阵平,BV1VS4y1w7n1,薛小哲,真白月光，以前阵平那一点点戏份，就成了我柯南最喜欢的男性角色
以前官方画的松田阵平VS现在官方画的松田阵平,BV1VS4y1w7n1,一只会打字的土豆,以前还不是所有人共用一张脸的
以前官方画的松田阵平VS现在官方画的松田阵平,BV1VS4y1w7n1,爱神无泪,这一段bgm是啥啊
以前官方画的松田阵平VS现在官方画的松田阵平,BV1VS4y1w7n1,飞鸟守护你,[元梦_爱你]
以前官方画的松田阵平VS现在官方画的松田阵平,BV1VS4y1w7n1,夜神月官方认证老公,现在的松田怎么斗里斗气的[笑哭]
以前官方画的松田阵平VS现在官方画的松田阵平,BV1VS4y1w7n1,名字呢全有了,不知道从哪年开始，名侦探画谁都像柯南，小孩像柯南，成男像新一快斗[嫌弃]，成女就圆子辨识度最高，让我最无语的还是现在灰原哀顶着柯南的脸[嫌弃]
以前官方画的松田阵平VS现在官方画的松田阵平,BV1VS4y1w7n1,坚定地保护自己,怎么能帅成这样[大哭][大哭][大哭]
以前官方画的松田阵平VS现在官方画的松田阵平,BV1VS4y1w7n1,风露织晗光,其实萩原那里还有万圣节的新娘里面的脸型都是正常的，就是警校组那个时候脸型不太正常，可以说就是画错脸型了
以前官方画的松田阵平VS现在官方画的松田阵平,BV1VS4y1w7n1,账号已注销,幸运的是死在了画风最好的时候，现在新版真是不忍直视
以前官方画的松田阵平VS现在官方画的松田阵平,BV1VS4y1w7n1,银河吃瓜员,去做美白了，属于是
以前官方画的松田阵平VS现在官方画的松田阵平,BV1VS4y1w7n1,桑椹薏米,死在了画风好看的时候
以前官方画的松田阵平VS现在官方画的松田阵平,BV1VS4y1w7n1,雜庾,其实我感觉现在的还蛮帅的啊，反倒是以前的没多少感觉
以前官方画的松田阵平VS现在官方画的松田阵平,BV1VS4y1w7n1,Fiine-_-,这不还是工藤新一的脸么
以前官方画的松田阵平VS现在官方画的松田阵平,BV1VS4y1w7n1,墨然无谓,青山自己的上色图就是比较白的卷毛帅哥，虽然每个图肤色也有变化，至少是黄种人吧，现在动画真是越来越黑，感觉所有人都在变黑变丑，别太离谱
以前官方画的松田阵平VS现在官方画的松田阵平,BV1VS4y1w7n1,账号已注销,前面的像体育生，后面的像公子爷
以前官方画的松田阵平VS现在官方画的松田阵平,BV1VS4y1w7n1,ID没了的灰原猫,白皮故事系变成黑皮运动系的了，不丑，只是那股气质直接消失了。
以前官方画的松田阵平VS现在官方画的松田阵平,BV1VS4y1w7n1,AI识片酱,终于想起我了么，唔那我勉为其难帮你识别一下吧..不过片酱刚起床有点懵，识别错误的话下次一定会更努力的！（鞠躬） 【音乐信息】 1. 《223S》:00:01-00:20 2. 《爱在西元前》:00:30-00:46 ----up创作不易，一键三连必需[打call][打call][打call]以上内容由 正二价铁离子 召唤生成！
以前官方画的松田阵平VS现在官方画的松田阵平,BV1VS4y1w7n1,大猫库迪小猫皮蛋,@AI识片酱
【名侦探柯南 | 警校五人组】那些在黑夜里长眠的英雄啊,BV1bd4y1s7oq,无殇ce,[万圣节的新娘_盯][万圣节的新娘_邪魅一笑][万圣节的新娘_微笑][万圣节的新娘_酷][万圣节的新娘_帅气]
【名侦探柯南 | 警校五人组】那些在黑夜里长眠的英雄啊,BV1bd4y1s7oq,改了名的夏酱,[花花雪精灵_泪目]
其实我一直都不喜欢警校五人组,BV1ArQZBwEb3,瑝珑最强军医,日本人真的会吃这一套吗？我一直觉得过度的营销并不能让角色本身的魅力得到任何提升[笑哭] 甚至可能会起反作用，观众想看什么就一味地给只会不断提高观众的情感阈值，到最后钱也越来越难圈角色也毁了一个二净，不过青山到现在还在一直卖说明日本人的确吃这一套吧
其实我一直都不喜欢警校五人组,BV1ArQZBwEb3,熙婉梦溯,最开始透子的设定是纯黑，后来因为人气高被洗白了，青山后来设定的他是警衔是警视，但后来为了让他和松田等人当同学，后改为了警部，我觉得这样的话有些太突兀了，都没必要洗白，因为像琴爷贝姐这样的纯反派也会有很多人喜欢，青山写作时总是有bug[笑哭]
其实我一直都不喜欢警校五人组,BV1ArQZBwEb3,EdgarEirene,赤楼梦和警五组都远没有警视厅描写的好，尽管警视厅的角色人气并不高，但基本上是故事/情节＞人物，赤楼梦有剧情，但本质是青山为了夏亚包了一堆饺子，剧情是为了这盘醋硬造的，而警五则是非常标准的大家互相之间不熟但硬凑男团组合出道，前者是故事为了搞同人绕道，后者为了商业和人气，叠了很多时髦值也发了很多刀子，但故事不真挚是没办法打动非男团爱好者的心的
其实我一直都不喜欢警校五人组,BV1ArQZBwEb3,Cll123,说实话，当初赤井家族突然出来这么多人，然后和明美还是表姐妹那时候开始就怪怪的了。而且安室透本来应该是黑方被老贼改成了红方就完全跑偏了。琴酒过去多有威慑力啊，后来直接变成搞笑角色了。不理解后来入坑的人都是怎么入坑的[笑哭]
其实我一直都不喜欢警校五人组,BV1ArQZBwEb3,今天不打瞌睡_,一旦说能复活，牺牲的价值真的会降低很多
其实我一直都不喜欢警校五人组,BV1ArQZBwEb3,萬物終焉,警校五人组本质就是安室透火了以后，为了捧安室透同时带动老角色再就业搞的炒冷饭ip而已，这个组合就和青山后期没活硬整一个个毁角色最真实的写照
其实我一直都不喜欢警校五人组,BV1ArQZBwEb3,踏遍天下角粉,和up观点一模一样。 另外，如果老贼想着过世的角色，可以写和a💊密切相关的宫野夫妇啊，还有生死不明的赤井务武和黑组本身也不少秘密。明明现实的坑很多，他只要按部就班把挖的坑都填上就够他写个十年八年的，为什么不写？所以我偏向老贼根本没有写这种深奥东西的脑子，也没什么脑洞，就是很平庸的流水线漫画家
其实我一直都不喜欢警校五人组,BV1ArQZBwEb3,相グ親ミ相ク愛_,我觉得商业味太浓了[笑哭]
其实我一直都不喜欢警校五人组,BV1ArQZBwEb3,穎水思源,不適警校推松田推我都忍不住想為他哀嘆一句太慘了......好好的人設為了賺錢賺流量搞清山那噁心的三角戀，就這樣被糟蹋得亂七八糟
其实我一直都不喜欢警校五人组,BV1ArQZBwEb3,悪華不是花,对的对的对的
其实我一直都不喜欢警校五人组,BV1ArQZBwEb3,russwest00,实话 这几个真没啥意义的组合
其实我一直都不喜欢警校五人组,BV1ArQZBwEb3,绿帽哑巴340,这期视频态度说实话不敢苟同，无论是警校五人组还是要不要写死角色这块
其实我一直都不喜欢警校五人组,BV1ArQZBwEb3,幸我小刀,松田就那样挺好的[笑哭]
其实我一直都不喜欢警校五人组,BV1ArQZBwEb3,姜太平,我必须立刻开饭
其实我一直都不喜欢警校五人组,BV1ArQZBwEb3,壹圈两圈,我知道了，青山想组一个警校BIGBANG[呲牙]
其实我一直都不喜欢警校五人组,BV1ArQZBwEb3,魇婉寒,之前是角色为剧情服务，现在是剧情为角色服务，推警校五人组太生硬了
其实我一直都不喜欢警校五人组,BV1ArQZBwEb3,达克摩利斯,首先是意义不明，警校五人组和千速这个攀亲戚那个拉郎配，用了巨量的篇幅去刻画人物，但是实际上对于剧情的推进作用几近于零。唯一的作用就是让安室认出柯南是新一，其他的就想不到了。你看火影，同样是卖情怀，后期拉别村的影出来干一架推进剧情然后卖一卖父子师徒的情怀就OK了可以封印下线了，类比到柯南就是拉出来给红方某个关键信息推进剧情然后卖一卖情怀就完了。很难想象四战一共就打了四天，大伙先拉着影唠两天家常啥正事不干然后再继续剧情。  然后剧情塑造的也是半坨。千速和横沟就不说了，一股子糖精味，冷知识：千速和京极真出场的案件数一样，他俩谁的CP好磕大家自行判断。五人组的兄弟情也是一股子预制味，大伙是兄弟不是因为我们患难与共经历许多，而是因为我们设定是兄弟所以我们才是兄弟才会有后续的经历。源头就是前文几乎没有几个人兄弟情相关的伏笔，纯就是后面凑出来的[笑哭]
其实我一直都不喜欢警校五人组,BV1ArQZBwEb3,楷哥不在,还是挺正常的吧，从警校篇画了警五，开始名侦探柯南的一款游戏“盘上的连锁”，有萩原研二和松田阵平的语音，背景是萩原想要联系，松田不愿意去，萩原用自己姐姐的录像带作为交换，那时候估计就有松田喜欢他姐的构想了吧。 我有点搞不清漫画警校篇在前还是m25在前。
其实我一直都不喜欢警校五人组,BV1ArQZBwEb3,68754638092_bili,这五个人分开看很感动，合一起特别奇怪，萩原+松田/降谷+诸伏+伊达这两对分的太开了，两波人合一起像硬凑的，而且m25好像还导致了死亡时间线都发生了变动
其实我一直都不喜欢警校五人组,BV1ArQZBwEb3,伊露妮娅,是真的。松田最开始死的时候，我感觉是很冷静很冷静的那种人设，非常帅非常有魅力。结果后面搞一堆回忆反而把这个人搞崩了，显得他像个毛头小子。然后他是喜欢佐藤的，结果加一个千速说什么他喜欢过千速，本来他跟佐藤高木就已经是三角了，还加个人物到感情镜头里干啥？然后千速感觉也是那种漂亮性感大方的。我觉得有点像贝尔摩德，但是相比于贝尔摩德又没有自己的东西，拼凑，还不如贝尔摩德让粉丝觉得亲切。还说什么高木跟松田很像，我是看不出哪里像的，长相上不一样，气质上不一样，性格也是相反的吧，高木这个人很真诚忠厚，我认为佐藤喜欢的就是他这一点，松田在回忆之前都是很不好说话但是又冷峻行动很利索的形象出现的。相当于一个infp一个istp（我粗判），八维全反的两个人。哪哪都不一样的两个人硬说像，这下喜欢高木和佐藤的不满意，喜欢松田的也不满意吧！前面几百集松田真的很帅很有魅力，后面搞的什么警校全是回忆反而这个人逼格就下去了。[笑哭]
其实我一直都不喜欢警校五人组,BV1ArQZBwEb3,灯盼破晓,说个反直觉也很反人类的东西吧。 在一千两百万人质的故事里，漫画甚至没有出现过研二的形象，纯纯活在文字泡里的一个人硬是过去快二十年后打赢了复活赛给自己捏了脸，还复活了自己的咖喱人
其实我一直都不喜欢警校五人组,BV1ArQZBwEb3,Kyou3,人物塑造太拉了，为了人设而添加剧情，包括千速也是，为了怀念而回忆，为了耍酷而飙车
其实我一直都不喜欢警校五人组,BV1ArQZBwEb3,印度の蜜蜂-kvisaver,其实在原有角色的一些边缘关系角色上发展出新的支线很正常，群像剧的日常操作了。但这种明显后期填充的人物不给够一个足够丰富的故事线就会显得很生硬。类似的观感的就是钢炼后面出现的阿姆斯特朗少佐的姐姐，因为先看的03再看的漫画，当时少佐姐姐一出来就有点类似up的观感，但北方篇足够宏大与丰富也深入推动主线，这种观感就消解了。所以与其说up不喜欢警校五人组，不如说up讨厌的是青山笔力下降导致的过度明显的商业工具化。
其实我一直都不喜欢警校五人组,BV1ArQZBwEb3,黑白熊゙゙゙,柯南遇到5人组的剧情，我会直接跳到结局，看看有没有给出什么线索，没有就死人给我死一边去。
其实我一直都不喜欢警校五人组,BV1ArQZBwEb3,排骨年糕g,同感，五人组和千速都很别扭，一点都不期待今年剧场版。另外，主线败笔就是从安室透变成红方开始的。
其实我一直都不喜欢警校五人组,BV1ArQZBwEb3,麦麦麦麦麦麦麦茶小狗,本传K学组共同出场其实并不多，主要是K学篇和剧场版的提及，让人产生经常卖的感觉也要算上剧场版，包括现在这几个角色单独出现的时候也很容易被盖上K学组标签大于个人，千速人物线写得就很有问题，就像瓜说的，很漂亮，人设也很飒很美，但是我感觉她没有自己的故事，更像人设的堆积体，目前呈现出来的剧情也基本都是跟松田的旧事或者跟横沟的拉扯相关，包括一系列像来像去就很容易让人反感，相反来说这完全不如刚出场的时候对柯南说因为你是帮我弟弟报仇的人，所以无论如何我也会帮你巴拉巴拉的。主要这个角色跟观众对她的期待也不符合，看到有人拿千速类比高明，他们确实有相似的地方，但是不同于高明不是作为景光的哥哥出场的，他是先有自己的故事然后才连到景光的，更具备独立性，而千速出场就是研二的姐姐，观众对她的期待也是研二的姐姐，结果这条线并没有很好地刻画亲情，反而转头搞起松千横混乱感情关系，就让人觉得很诡异
其实我一直都不喜欢警校五人组,BV1ArQZBwEb3,林谷丰,早期的剧情中，松田和荻原与其他三位没有任何铺垫，不像景光和班长好歹有交代，要是警校三人组也就算了，五人组感觉就是强行把人气角色请出来硬凑的
其实我一直都不喜欢警校五人组,BV1ArQZBwEb3,那会悬浮,我也是这种感受[笑哭]
其实我一直都不喜欢警校五人组,BV1ArQZBwEb3,䨬澪鮟泩,番外就好好待在番外里额[雪王表情包_心酸]
其实我一直都不喜欢警校五人组,BV1ArQZBwEb3,斬魔の劍,我也不喜欢+1，如果赚钱的话希望独立出去单独做漫画，在柯南里实在是格格不入
其实我一直都不喜欢警校五人组,BV1ArQZBwEb3,MirrorMagi,没有特别不喜欢。但是除了透子外，他们和主线没有关系。纯纯就是圈钱。日本方面似乎买单，受落，可能因为透子。[吃瓜]
其实我一直都不喜欢警校五人组,BV1ArQZBwEb3,tianxiayi,我本来感觉安室和景光是发小，研二和松田是发小，这两对之间是没关系的。因为景光也卧底过，然后和长野三人组有关系，所以戏份会多一点。研二完全是铺松田的，就是个不用本人出场的设定，松田主要是为了促进高佐，当个转瞬即逝的白月光。没想到后面越加越多。主要是他们增加那么多后，对主线是缺乏推动的，而在日常案件里也可以让其他人担任戏份。特别是在千速回忆里闪一下，更没有什么作用了，就是卖下情怀，外加丰富下千速人设。 我对千速也无感，明明我也蛮喜欢御姐型的，大概是因为千速这个角色多出来没什么用处，目前唯一作用是搞一对新的警察爱情物语，感觉是其他CP都完满了，只能推新人了。而且这对CP嗑不起来。另外因为研二和黑衣组织是没关系的，不像景光一拓，说不定能把他哥扯进红方。
其实我一直都不喜欢警校五人组,BV1ArQZBwEb3,今天今天今天Z,不说cp的事容易吵架。说透子，这个相对来说理智一点，从透子从黑方转向红方，预感就不是非常好了，黑方太弱，像小丑。更不必说朗姆篇了。
其实我一直都不喜欢警校五人组,BV1ArQZBwEb3,kemiriz,我觉得也是不喜欢，尤其是五个人中中有4人是幼染感觉班长是凑数的
没有人可以在这个BGM里打败松田阵平,BV1dt421h7Hd,金随便不随便,@111要热爱学习111 喜欢吃刀子的不要放过这个松田阵平[大哭]
没有人可以在这个BGM里打败松田阵平,BV1dt421h7Hd,见星倾,其实感觉是73的命运线在作祟... 毕竟松田阵平可是个天才啊，他也是警校组中和零零推理能力不堪上下的天才啊... 说一千两百万人质，但是我感觉他是有能力让自己和人质们活下去的...或许是我太想当然了 但是73肯定占死的大部分原因吧？毕竟正片中的零零除了回忆杀，只有他自己一个人了
没有人可以在这个BGM里打败松田阵平,BV1dt421h7Hd,月光下的魔术师_1412号,原著中形容他也是风，匆匆的来，匆匆的走，永远也抓不住
没有人可以在这个BGM里打败松田阵平,BV1dt421h7Hd,婆娑罗舞,松田阵平死在了名柯画风最好的岁月，从此成就了心中一片不灭的白月光。
没有人可以在这个BGM里打败松田阵平,BV1dt421h7Hd,温开的水O,晚安啦松田
没有人可以在这个BGM里打败松田阵平,BV1dt421h7Hd,暮春威士忌,总觉得你还在呀宝贝
没有人可以在这个BGM里打败松田阵平,BV1dt421h7Hd,古月的叶神1226,大半夜刷到小阵平心痛到不行[保卫萝卜_哭哭]我明明今天刚看完一个警校组救济文的，他们一直都在好好活着呢
没有人可以在这个BGM里打败松田阵平,BV1dt421h7Hd,有很多想法的优柔寡断,松田阵平没死呀，我昨天还在小说里看到他[墨镜]
没有人可以在这个BGM里打败松田阵平,BV1dt421h7Hd,-你们叫她小龙女么-,有松田就有我
没有人可以在这个BGM里打败松田阵平,BV1dt421h7Hd,_mae_,自己找刀的我
没有人可以在这个BGM里打败松田阵平,BV1dt421h7Hd,东晋晋元帝字景文,每次看到松田阵平这一段都揪心，他没得选，如果不管炸弹，他要余生难安生不如死，他选了为了公众安全牺牲自己，痛的却是所有认识他的人，这是个无解的死局。
没有人可以在这个BGM里打败松田阵平,BV1dt421h7Hd,故虞鱼鱼鱼,啊啊啊啊[大哭][大哭][大哭][大哭][大哭][大哭]我都阵平酱
没有人可以在这个BGM里打败松田阵平,BV1dt421h7Hd,艾格是此生挚爱,唉，怎么会有人这么毫不犹豫地保护所有人[大哭]
没有人可以在这个BGM里打败松田阵平,BV1dt421h7Hd,阿碧99,这首BGM叫什么[笑哭]
没有人可以在这个BGM里打败松田阵平,BV1dt421h7Hd,酱酱三岁吖,[大哭][大哭]超级喜欢他们五个，就是太虐了
没有人可以在这个BGM里打败松田阵平,BV1dt421h7Hd,司岚说我有光辉的未来,柯南同人没救警校组的我一律不看[大哭]
没有人可以在这个BGM里打败松田阵平,BV1dt421h7Hd,幻影冰冰,后期是不是把松田皮肤画黑了？
没有人可以在这个BGM里打败松田阵平,BV1dt421h7Hd,小兰柯南小哀,这是多少集？
没有人可以在这个BGM里打败松田阵平,BV1dt421h7Hd,且听泉,哈哈哈哈哈哈！！！是刀子诶！！！是甜的腻死人的刀子诶！！！哈哈哈哈哈哈哈哈哈哈哈哈！！！[大哭][大哭][大哭][大哭][大哭][大哭][大哭][大哭]
没有人可以在这个BGM里打败松田阵平,BV1dt421h7Hd,吾辈起名无能,他还那么年轻[大哭] 那么貌美[doge]
没有人可以在这个BGM里打败松田阵平,BV1dt421h7Hd,溪月梧,有一个给松田（警校）吐便当的同人文我很喜欢，不过因为是原创的主角和他cp，大家的感情线都没怎么写，松田应该是单身汪结局。
没有人可以在这个BGM里打败松田阵平,BV1dt421h7Hd,xvsiksvdueossgwk,松田，白马探，大和敢助。最帅的让个人
没有人可以在这个BGM里打败松田阵平,BV1dt421h7Hd,榴莲味的臭豆腐酸奶,白月光松田啊，虽然我pick的景光，但是不得不说松田阵平真的也是我在名柯里面的白月光[大哭][大哭][大哭]
没有人可以在这个BGM里打败松田阵平,BV1dt421h7Hd,墨卿梨,柯哀党你脑子呢？在松田视频下你拉什么郎，你脑子被狗吃了吗还是你们着急给你家灰原哀找老公你祖宗看到你们都开心死了。
没有人可以在这个BGM里打败松田阵平,BV1dt421h7Hd,瑞雨_落雨,超绝ca子[呲牙]
没有人可以在这个BGM里打败松田阵平,BV1dt421h7Hd,酷酷小天,up 这都不删啊
没有人可以在这个BGM里打败松田阵平,BV1dt421h7Hd,今天也没黑化,就因为小时候看的警视厅这个案件，至今无法嗑到高佐[大哭]
没有人可以在这个BGM里打败松田阵平,BV1dt421h7Hd,泡面一顿吃九桶,😭
没有人可以在这个BGM里打败松田阵平,BV1dt421h7Hd,iam白夜,大晚上想让我减肥是嘛[大哭]
没有人可以在这个BGM里打败松田阵平,BV1dt421h7Hd,南桓c,我警五的老公们[笑哭]拎出任何一个都是一出大刀剧本[大哭]救命啊
没有人可以在这个BGM里打败松田阵平,BV1dt421h7Hd,鹤年一梦,那可是小阵平啊，研二酱从小就认为超级可爱，好看的人
没有人可以在这个BGM里打败松田阵平,BV1dt421h7Hd,月亮白云飘,松田警官啊！你能发简讯，为什么不能学习后面的小柯同志!你下来和他们，和她说啊！这样你就可以给萩报仇了!可以和零作伴了!你就不会是我们的遗憾了！我就不会为了你库库掉眼泪了![大哭][大哭][大哭][大哭] （本人在看到白月光因公殉职的那一刻到现在，在反复观看中已经疯魔，若有不妥请谅解。）
没有人可以在这个BGM里打败松田阵平,BV1dt421h7Hd,祁连家的浅知子,同人看多了，总觉得他还在[大哭][大哭][大哭][大哭][大哭][大哭]
没有人可以在这个BGM里打败松田阵平,BV1dt421h7Hd,染墨暮辞,我再骂一下现在的画风，老版画的多帅啊[大哭][大哭]
没有人可以在这个BGM里打败松田阵平,BV1dt421h7Hd,锦鲤南归,啊啊啊啊啊啊救命啊，为什么会这样啊[大哭][大哭][大哭][大哭][大哭]
没有人可以在这个BGM里打败松田阵平,BV1dt421h7Hd,南风落盏,我一抬头就看到摩天轮一圈一圈的旋转，就像我的爱意徘徊于心头又消失于口。
没有人可以在这个BGM里打败松田阵平,BV1dt421h7Hd,咸鱼爱吃冰块,我也是，感觉谁都比不上他，M25高木假扮时说不上的反感
没有人可以在这个BGM里打败松田阵平,BV1dt421h7Hd,秀花台,女的是佐藤嘛[doge]
没有人可以在这个BGM里打败松田阵平,BV1dt421h7Hd,是鸭er,直接ptsd
没有人可以在这个BGM里打败松田阵平,BV1dt421h7Hd,柠檬aytr,[星星眼][星星眼][星星眼]
没有人可以在这个BGM里打败松田阵平,BV1dt421h7Hd,ZXSYHYS,我与阁下无冤无仇[墨镜]
没有人可以在这个BGM里打败松田阵平,BV1dt421h7Hd,是鸭er,我感觉，我不可能谈恋爱了
没有人可以在这个BGM里打败松田阵平,BV1dt421h7Hd,hiro的故乡,他就是风本身
没有人可以在这个BGM里打败松田阵平,BV1dt421h7Hd,悠悠彤,自从看完警校相关，这俩年看到跟警视厅有关的爱情故事就绕过，也不是讨厌，就是…说不清[笑哭]
没有人可以在这个BGM里打败松田阵平,BV1dt421h7Hd,白毛狂爱者,够了够了，刀的吐血了都快[大哭][大哭]
没有人可以在这个BGM里打败松田阵平,BV1dt421h7Hd,流川枫你压着我头发了,不看柯南 但是我真的对他意难平  每过一段时间就过来搜搜看 每次看都哭[保卫萝卜_哭哭][大哭]
没有人可以在这个BGM里打败松田阵平,BV1dt421h7Hd,琪zzang,唉 我真的好喜欢这个人物啊
没有人可以在这个BGM里打败松田阵平,BV1dt421h7Hd,萩原研二老婆,不要忘了萩原研二啊，我那英年早逝的老公
没有人可以在这个BGM里打败松田阵平,BV1dt421h7Hd,JEA1OUS1Y,就...明知道是刀还是想点进来看看[大哭]
没有人可以在这个BGM里打败松田阵平,BV1dt421h7Hd,绿蜡春卷,是警校时期意气风发刺头得不得了天才少年，随心所欲但又恪守正义的松田警官，外表冷傲实际格外重视感情的松田阵平[大哭][大哭]（为什么他们那么好的人要死在那种人手里啊！！！）
没有人可以在这个BGM里打败松田阵平,BV1dt421h7Hd,洗澡の恶龙,警校五人组，害
没有人可以在这个BGM里打败松田阵平,BV1dt421h7Hd,账号已注销,没有人可以！
没有人可以在这个BGM里打败松田阵平,BV1dt421h7Hd,伊在水医方,大过年的，你…我…
没有人可以在这个BGM里打败松田阵平,BV1dt421h7Hd,苒V墨上筠,UP主加油！看好你噢~
没有人可以在这个BGM里打败松田阵平,BV1dt421h7Hd,储柊,还好他死在了死犀牛脸之前
没有人可以在这个BGM里打败松田阵平,BV1dt421h7Hd,清漓wl,阁下好刀法[大哭][脱单doge]
没有人可以在这个BGM里打败松田阵平,BV1dt421h7Hd,只手亦可拾尘埃,超喜欢松田警官，卷毛帅哥，因公殉职，死前告白，这谁能忘得了？我的白月光！！
没有人可以在这个BGM里打败松田阵平,BV1dt421h7Hd,醉星河q,快跑，是刀🔪
没有人可以在这个BGM里打败松田阵平,BV1dt421h7Hd,流转之音,阵平，除夕快乐
没有人可以在这个BGM里打败松田阵平,BV1dt421h7Hd,羽洛STZP,刀[大哭]
柯南M29角色PV丨萩原研二&松田阵平,BV1yUD5BCEXM,bili_58868170741,M29还会有安室透出场吗
小阵平：你行不行啊，研二？,BV1Z1421k71e,考官0,啊？我早晚会在b站看到片[吃瓜]
小阵平：你行不行啊，研二？,BV1Z1421k71e,在下脆皮脆脆鲨是也,哈哈哈哈哈哈哈哈哈[吃瓜]
小阵平：你行不行啊，研二？,BV1Z1421k71e,何程黎,求求
小阵平：你行不行啊，研二？,BV1Z1421k71e,二十九年凛冬,松萩？
小阵平：你行不行啊，研二？,BV1Z1421k71e,神秘的晚餐,求图
小阵平：你行不行啊，研二？,BV1Z1421k71e,涤挽,老师可以发发第1张图吗[星星眼][喜欢][meimeiverse_求你啦][2233·群星闪耀时收藏集表情包_贴贴]
小阵平：你行不行啊，研二？,BV1Z1421k71e,陌兮想念楚年,求图！
小阵平：你行不行啊，研二？,BV1Z1421k71e,hiro的故乡,呜呜有一张图，没看错的话，我的威士忌组
小阵平：你行不行啊，研二？,BV1Z1421k71e,麦小头touuuuuuuuuu,老师亲亲亲亲亲亲，好开心终于有人做了
小阵平：你行不行啊，研二？,BV1Z1421k71e,会唱歌的该溜子,弹幕咋发不出去(o'ω'o)？
小阵平：你行不行啊，研二？,BV1Z1421k71e,会唱歌的该溜子,过审了！(∗❛ั∀❛ั∗)✧*。
你们也太宠松田了吧,BV1yL411d7ED,一顆苦檸檬,5-4=0
你们也太宠松田了吧,BV1yL411d7ED,把梦莺还我,@AI识片酱 BGM是什么？
你们也太宠松田了吧,BV1yL411d7ED,把梦莺还我,Bgm是什么啊？
你们也太宠松田了吧,BV1yL411d7ED,Sherring_,看万圣节新娘最刀的不是看到他们几只在回忆里生龙活虎，而是研二墓地的和尚说的那句“不知道怎么，这几年扫墓的人越来越少了，去年只有一个人来 …”[生病][生病][生病]
你们也太宠松田了吧,BV1yL411d7ED,小鱼罐头酱,哎呦我，，阵平酱这么萌
你们也太宠松田了吧,BV1yL411d7ED,曾嘉锐,6
你们也太宠松田了吧,BV1yL411d7ED,曾嘉锐,5
你们也太宠松田了吧,BV1yL411d7ED,小僧不借色,多好的五人啊，可惜只剩一人，好在另外四人的意志算是被传承了
你们也太宠松田了吧,BV1yL411d7ED,来点小酥肉,哼哼～
你们也太宠松田了吧,BV1yL411d7ED,橙橙橙橙子Ro_,好可爱的松甜甜啊[喜欢]
你们也太宠松田了吧,BV1yL411d7ED,榴莲味的臭豆腐酸奶,芜湖[脱单doge][脱单doge][脱单doge]
你们也太宠松田了吧,BV1yL411d7ED,清葉子,松田猫猫hhhhh
你们也太宠松田了吧,BV1yL411d7ED,戒鵝跋,啊啊啊啊啊啊啊啊啊啊啊啊又出新的警察篇了哈哈哈哈哈哈多出一点啊啊啊啊啊啊啊啊啊啊啊啊
你们也太宠松田了吧,BV1yL411d7ED,Yの二次余,冲啊，小阵平[doge]
你们也太宠松田了吧,BV1yL411d7ED,可爱的林绾,阿波主，看好你
你们也太宠松田了吧,BV1yL411d7ED,大斯与牢毛苦命鸳鸯,松田长的和世良好像啊
你们也太宠松田了吧,BV1yL411d7ED,恋津田蓮也,看一次笑一次
你们也太宠松田了吧,BV1yL411d7ED,屧粉衣香知何处,好看且有实力的小猫咪当然是宠着啦[万圣节的新娘_邪魅一笑]
你们也太宠松田了吧,BV1yL411d7ED,伏虎拉奥,不是白马警视总监吗，这是翻译错误还是换新角色了
你们也太宠松田了吧,BV1yL411d7ED,若水穷云起时,我的白月光黑了[笑哭][笑哭]
你们也太宠松田了吧,BV1yL411d7ED,Winnie911101,等等 那個手機是觸控的？！我記得之前漫畫還是按鍵式的欸
你们也太宠松田了吧,BV1yL411d7ED,微吟清商,所以，这是七年前就有触屏手机了……
你们也太宠松田了吧,BV1yL411d7ED,库卡哇哩,还我松田[疼]
你们也太宠松田了吧,BV1yL411d7ED,-暗影-Shadow,我的陣平醬好可愛❤️
你们也太宠松田了吧,BV1yL411d7ED,瞄准大法师老乌贼,好消息：这五个人都好帅啊 。 坏消息：四个挂了
你们也太宠松田了吧,BV1yL411d7ED,芋圆团团想吃鱼,景光猫猫崽乖乖的[喜欢]
你们也太宠松田了吧,BV1yL411d7ED,殢修人,真的觉得那时候卧底留胡须也有阵平这次的灵感（话说hiro卧底暴露我宁愿相信是警察厅有卧底看到名单，也不要是有人看到这张照片或者他哥暴露啊，太伤了
你们也太宠松田了吧,BV1yL411d7ED,吉佑来,这是第几集啊？
你们也太宠松田了吧,BV1yL411d7ED,樱花五瓣,甜吧？是刀哦～（[阴险]魔鬼低吟）
你们也太宠松田了吧,BV1yL411d7ED,山姥切国广的刀鞘,明明是这么快乐的时候，眼泪却哗哗的流[保卫萝卜_哭哭]
你们也太宠松田了吧,BV1yL411d7ED,简伊归零,阵平猫猫：我是成熟的大人了，我已经不是小朋友啦！ 警校四人组：嘛嘛，说白了还是个小朋友啦。
你们也太宠松田了吧,BV1yL411d7ED,谢渡,啊啊啊啊啊啊啊啊啊啊啊啊啊啊啊啊啊啊啊啊啊啊啊啊啊啊啊啊啊啊啊啊啊啊啊啊啊啊啊啊啊啊啊啊啊啊啊啊啊啊啊啊啊啊啊啊啊小阵平！！！！！啊啊啊啊啊啊啊啊啊啊啊啊啊啊啊啊啊啊啊啊啊啊啊太可爱啦！！！！！！呜哇！！！[喜欢][喜欢][喜欢][喜欢][喜欢]
你们也太宠松田了吧,BV1yL411d7ED,松田田-5114,@念沁雪 这么可爱的松甜甜快都来宠他！！（阵平就是小孩子哈哈哈哈哈太可爱啦[喜欢]
你们也太宠松田了吧,BV1yL411d7ED,w依珊成协,一定要坚持创作哦！
你们也太宠松田了吧,BV1yL411d7ED,羡冰怜花忘秋日,零零如果留胡子，也是金色的吗[星星眼]
176.326.震撼警政厅，1200万人质（一），松田阵平之死 #名侦探柯南,BV1FxN9eWEZX,找工作工作,前排前排
“我 将 诠 释 张 力 ！！”,BV1ECDPBTEnX,泪眼汪汪ww,@文刀大大驾到 @希腊卡卡 @Lansevens @謨笙x @仮面魔
“我 将 诠 释 张 力 ！！”,BV1ECDPBTEnX,阿杰skm,仙台一穿四封神燃到爆！💥
“我 将 诠 释 张 力 ！！”,BV1ECDPBTEnX,゙゚゚゙゚゙御坂美琴,太帅了！！学姐剪辑依旧超神！！
“我 将 诠 释 张 力 ！！”,BV1ECDPBTEnX,猫面包片,这剪辑水平不行啊 竟然没有大象vs房子
“我 将 诠 释 张 力 ！！”,BV1ECDPBTEnX,Red-Neval,[OK]
“我 将 诠 释 张 力 ！！”,BV1ECDPBTEnX,东雲绘名,今天刚看完[打call]，太帅了兄弟
“我 将 诠 释 张 力 ！！”,BV1ECDPBTEnX,卡夫卡永不加班,好帅好爽。。
“我 将 诠 释 张 力 ！！”,BV1ECDPBTEnX,燚星隐月,什么动漫，好像有点爽啊[哦呼]还是up剪的太圈路人了
“我 将 诠 释 张 力 ！！”,BV1ECDPBTEnX,OK看板娘,up你在视频里放了什么😋🥵😋🥵爽啊😋🥵😋🥵好爽啊😋🥵😋🥵太太太太太正了！
“我 将 诠 释 张 力 ！！”,BV1ECDPBTEnX,牛之仔裤,我举报 up 偷工减料[小狗蛇点点-静态表情包_哒咩]，这明明不到五分钟，不够看！[小狗蛇点点-静态表情包_拍桌]
“我 将 诠 释 张 力 ！！”,BV1ECDPBTEnX,落羽-QAQ,为什么你头像能动啊？
“我 将 诠 释 张 力 ！！”,BV1ECDPBTEnX,蕾塞我的宝,@某科学の真寻酱 @爱吃猫的贤弟
“我 将 诠 释 张 力 ！！”,BV1ECDPBTEnX,玄銘210,爽死我了，刷了五六遍了
“我 将 诠 释 张 力 ！！”,BV1ECDPBTEnX,无名の残响,石流这一看就是刚穿越到现代了解的太少了，对波怎么能站左边呢[笑哭]
“我 将 诠 释 张 力 ！！”,BV1ECDPBTEnX,Amiya996,[鸣潮·共鸣与群星_冰淇淋]
“我 将 诠 释 张 力 ！！”,BV1ECDPBTEnX,Rickweng,怎么没有大象vs房子
“我 将 诠 释 张 力 ！！”,BV1ECDPBTEnX,哈基要乐米,不如房子vs大象一根[笑哭]
“我 将 诠 释 张 力 ！！”,BV1ECDPBTEnX,辣子鸡杀球,我吃饱了
“我 将 诠 释 张 力 ！！”,BV1ECDPBTEnX,lemtou,这一集打斗太爽了！别的不说这一集封神[打call][打call][打call]
“我 将 诠 释 张 力 ！！”,BV1ECDPBTEnX,香Spice料,那个投射咒法，那个一连串的长镜头和音效没连起来，有点可惜
“我 将 诠 释 张 力 ！！”,BV1ECDPBTEnX,hhhuvycycyct,@一只小黄lsh
“我 将 诠 释 张 力 ！！”,BV1ECDPBTEnX,逸风俊影,爷青回[脱单doge]
“我 将 诠 释 张 力 ！！”,BV1ECDPBTEnX,路線5462,[加油]
“我 将 诠 释 张 力 ！！”,BV1ECDPBTEnX,地球村吃瓜委员,这期真的燃爆了！从头打到尾根本停不下来，仙台一穿四那段我直接头皮发麻
“我 将 诠 释 张 力 ！！”,BV1ECDPBTEnX,Xipmia,我说除了房子大象第三季神了
“我 将 诠 释 张 力 ！！”,BV1ECDPBTEnX,铠雪战歌,先看电锯人剧场版后看咒回第三季第12集[doge]
“我 将 诠 释 张 力 ！！”,BV1ECDPBTEnX,小胖auv,[doge]
“我 将 诠 释 张 力 ！！”,BV1ECDPBTEnX,KL-KE,帅呀！已三连支持！（⌒▽⌒）
“我 将 诠 释 张 力 ！！”,BV1ECDPBTEnX,-信函-,帅
“我 将 诠 释 张 力 ！！”,BV1ECDPBTEnX,孤寂的慕某人,为什么一直有神秘跑步男在跑步
“我 将 诠 释 张 力 ！！”,BV1ECDPBTEnX,荒野上的耕地机,爽了，咒回这几段打戏真的从头爽到尾啊
“我 将 诠 释 张 力 ！！”,BV1ECDPBTEnX,特别转机,@艾拉最可爱awsl 这是什么漫
“我 将 诠 释 张 力 ！！”,BV1ECDPBTEnX,AAA冻贝鱼街,不想结束啊
“我 将 诠 释 张 力 ！！”,BV1ECDPBTEnX,路过的贤狼,@十二指腸捏
“我 将 诠 释 张 力 ！！”,BV1ECDPBTEnX,云-外-苍-天,@就思思s @金风汐雨 @吟扬_ @Sablin1975 @希望你愛我 @係是猪猫hape @_一颗-橘子- @日离仙人 @伊洛人茉莉 @浅梦川空
“我 将 诠 释 张 力 ！！”,BV1ECDPBTEnX,Szkaiszk,剪这么帅，但是我们的主角呢[微笑][微笑]
“我 将 诠 释 张 力 ！！”,BV1ECDPBTEnX,有攻击力活的才自在,太爽了有没有咒术回战的游戏啊，除了幻影夜行其他高质量点的
“我 将 诠 释 张 力 ！！”,BV1ECDPBTEnX,eternally_A,牛
“我 将 诠 释 张 力 ！！”,BV1ECDPBTEnX,李携风,不吃压力这一块
“我 将 诠 释 张 力 ！！”,BV1ECDPBTEnX,桜島麻衣は妻です,你骨子哥一穿四这块
“我 将 诠 释 张 力 ！！”,BV1ECDPBTEnX,灼华_x,抛开剧情和原著不说，这一季真爽吧
“我 将 诠 释 张 力 ！！”,BV1ECDPBTEnX,你真是那个宏大,朝鲜赶超世界水平的时候，中国都不会赶超世界水平。中国只能赶上世界水平，却超越不了。 想超越的人是不会吃竞争对手给的东西的。现实是一口没吃着都觉得亏了。[阴险]
“我 将 诠 释 张 力 ！！”,BV1ECDPBTEnX,芬达王中王,季度最佳毫无疑问
“我 将 诠 释 张 力 ！！”,BV1ECDPBTEnX,名刀秋水,世 一 剪
“我 将 诠 释 张 力 ！！”,BV1ECDPBTEnX,凋零之老木,怎么不把伏黑惠剪进来，他这季没戏份吗[doge]
“我 将 诠 释 张 力 ！！”,BV1ECDPBTEnX,漫游的方向盘,接下来走来的是最过誉漫画以及 最强动漫
“我 将 诠 释 张 力 ！！”,BV1ECDPBTEnX,_-pocky-_,细节没有🐘vs三台🚗
“我 将 诠 释 张 力 ！！”,BV1ECDPBTEnX,叫父_,BV1BvSUB4E6L.
“我 将 诠 释 张 力 ！！”,BV1ECDPBTEnX,叫父_,BV1BvSUB4E6L
“我 将 诠 释 张 力 ！！”,BV1ECDPBTEnX,無火の余火,乙骨[打call]
“我 将 诠 释 张 力 ！！”,BV1ECDPBTEnX,风华正茂陆先生,我缺的🐘vs🏠谁给我补
“我 将 诠 释 张 力 ！！”,BV1ECDPBTEnX,叫父_,BV1BvSUB4E6L..
“我 将 诠 释 张 力 ！！”,BV1ECDPBTEnX,暮山Mys,我吃饱了
“我 将 诠 释 张 力 ！！”,BV1ECDPBTEnX,鱼儿恋刻律,学姐怎么最近喜欢剪点燃的了[mujica夜愿华章表情包_思考]不过好康喵[mujica夜愿华章表情包_小祥]
“我 将 诠 释 张 力 ！！”,BV1ECDPBTEnX,行路难行路难,老师，我们家惠的房子vs大象呢
“我 将 诠 释 张 力 ！！”,BV1ECDPBTEnX,龙焱大帝,所以，这动漫好看吗？（无恶意，想入坑）
“我 将 诠 释 张 力 ！！”,BV1ECDPBTEnX,擅长捉弄の五更琉璃,@零星与星河 @卐卐梦梦卐卐 @清风foze @二进制猫粮 @高才小狗 @和你一样可爱呀 @我的薄情小猫不爱我 @钰の妄想 @破逝-逝魂曲 @额斯日格仓
“我 将 诠 释 张 力 ！！”,BV1ECDPBTEnX,叫父_,BV1BvSUB4E6L
“我 将 诠 释 张 力 ！！”,BV1ECDPBTEnX,DK的粉丝,@TRS江挽 @神秘黄发配刀男
💙“ 𝑺𝒐 𝑲𝒆𝒆𝒑 𝒀𝒐𝒖𝒓 𝑬𝒚𝒆𝒔 𝑶𝒏 𝑲𝒊𝒅 𝑵𝒐𝒘. ”💙,BV1ue4y1B7Zv,取个文艺名咋这么难,OMG仙品
💙“ 𝑺𝒐 𝑲𝒆𝒆𝒑 𝒀𝒐𝒖𝒓 𝑬𝒚𝒆𝒔 𝑶𝒏 𝑲𝒊𝒅 𝑵𝒐𝒘. ”💙,BV1ue4y1B7Zv,一只可乐爱的-千-纸鹤,我答应过基德啦 要爱他到心跳停止
💙“ 𝑺𝒐 𝑲𝒆𝒆𝒑 𝒀𝒐𝒖𝒓 𝑬𝒚𝒆𝒔 𝑶𝒏 𝑲𝒊𝒅 𝑵𝒐𝒘. ”💙,BV1ue4y1B7Zv,一定要长期坚持吖,我会一直喜欢你的
💙“ 𝑺𝒐 𝑲𝒆𝒆𝒑 𝒀𝒐𝒖𝒓 𝑬𝒚𝒆𝒔 𝑶𝒏 𝑲𝒊𝒅 𝑵𝒐𝒘. ”💙,BV1ue4y1B7Zv,郭封校,超级喜欢老师的视频，求求老师不要下架啊！我要看一辈子[大哭][大哭][大哭][大哭][大哭][大哭]
💙“ 𝑺𝒐 𝑲𝒆𝒆𝒑 𝒀𝒐𝒖𝒓 𝑬𝒚𝒆𝒔 𝑶𝒏 𝑲𝒊𝒅 𝑵𝒐𝒘. ”💙,BV1ue4y1B7Zv,장미가여름에만발하다,@玪柟
💙“ 𝑺𝒐 𝑲𝒆𝒆𝒑 𝒀𝒐𝒖𝒓 𝑬𝒚𝒆𝒔 𝑶𝒏 𝑲𝒊𝒅 𝑵𝒐𝒘. ”💙,BV1ue4y1B7Zv,风火轮写轮眼,这个卡点卡的离谱
💙“ 𝑺𝒐 𝑲𝒆𝒆𝒑 𝒀𝒐𝒖𝒓 𝑬𝒚𝒆𝒔 𝑶𝒏 𝑲𝒊𝒅 𝑵𝒐𝒘. ”💙,BV1ue4y1B7Zv,风火轮写轮眼,有人正在看吗？
💙“ 𝑺𝒐 𝑲𝒆𝒆𝒑 𝒀𝒐𝒖𝒓 𝑬𝒚𝒆𝒔 𝑶𝒏 𝑲𝒊𝒅 𝑵𝒐𝒘. ”💙,BV1ue4y1B7Zv,長白飲冰,@同款昵称怎么就那么多 听说你要看我担？[doge]
💙“ 𝑺𝒐 𝑲𝒆𝒆𝒑 𝒀𝒐𝒖𝒓 𝑬𝒚𝒆𝒔 𝑶𝒏 𝑲𝒊𝒅 𝑵𝒐𝒘. ”💙,BV1ue4y1B7Zv,卡布-真知棒,@过于邪恶
💙“ 𝑺𝒐 𝑲𝒆𝒆𝒑 𝒀𝒐𝒖𝒓 𝑬𝒚𝒆𝒔 𝑶𝒏 𝑲𝒊𝒅 𝑵𝒐𝒘. ”💙,BV1ue4y1B7Zv,快乐五罗筐,励志走遍整个B站  看过我的请扣第一个表情包 没看过的请点赞 谢谢了。 我很可爱，请关注我。
💙“ 𝑺𝒐 𝑲𝒆𝒆𝒑 𝒀𝒐𝒖𝒓 𝑬𝒚𝒆𝒔 𝑶𝒏 𝑲𝒊𝒅 𝑵𝒐𝒘. ”💙,BV1ue4y1B7Zv,鑫䬟瓤,😋
💙“ 𝑺𝒐 𝑲𝒆𝒆𝒑 𝒀𝒐𝒖𝒓 𝑬𝒚𝒆𝒔 𝑶𝒏 𝑲𝒊𝒅 𝑵𝒐𝒘. ”💙,BV1ue4y1B7Zv,惜秋迟迟,这首歌叫什么名字呀
💙“ 𝑺𝒐 𝑲𝒆𝒆𝒑 𝒀𝒐𝒖𝒓 𝑬𝒚𝒆𝒔 𝑶𝒏 𝑲𝒊𝒅 𝑵𝒐𝒘. ”💙,BV1ue4y1B7Zv,可爱QC,我的天呐，基德大人。
💙“ 𝑺𝒐 𝑲𝒆𝒆𝒑 𝒀𝒐𝒖𝒓 𝑬𝒚𝒆𝒔 𝑶𝒏 𝑲𝒊𝒅 𝑵𝒐𝒘. ”💙,BV1ue4y1B7Zv,我不知道但这很阴,(ó﹏ò｡) 第一个接触的日漫就是柯南，回过头来一看，基德大人永远的白月光！！
💙“ 𝑺𝒐 𝑲𝒆𝒆𝒑 𝒀𝒐𝒖𝒓 𝑬𝒚𝒆𝒔 𝑶𝒏 𝑲𝒊𝒅 𝑵𝒐𝒘. ”💙,BV1ue4y1B7Zv,这啥破ID,智者不入爱河，除非怪盗基德
💙“ 𝑺𝒐 𝑲𝒆𝒆𝒑 𝒀𝒐𝒖𝒓 𝑬𝒚𝒆𝒔 𝑶𝒏 𝑲𝒊𝒅 𝑵𝒐𝒘. ”💙,BV1ue4y1B7Zv,清光然,[打call][打call][打call][打call][打call][星星眼][给心心][给心心][给心心]
💙“ 𝑺𝒐 𝑲𝒆𝒆𝒑 𝒀𝒐𝒖𝒓 𝑬𝒚𝒆𝒔 𝑶𝒏 𝑲𝒊𝒅 𝑵𝒐𝒘. ”💙,BV1ue4y1B7Zv,烨焉,有比我更晚的吗
💙“ 𝑺𝒐 𝑲𝒆𝒆𝒑 𝒀𝒐𝒖𝒓 𝑬𝒚𝒆𝒔 𝑶𝒏 𝑲𝒊𝒅 𝑵𝒐𝒘. ”💙,BV1ue4y1B7Zv,秩序帝国最锋利的长矛,一
💙“ 𝑺𝒐 𝑲𝒆𝒆𝒑 𝒀𝒐𝒖𝒓 𝑬𝒚𝒆𝒔 𝑶𝒏 𝑲𝒊𝒅 𝑵𝒐𝒘. ”💙,BV1ue4y1B7Zv,明木酌清-,博主剪的我马上要担他了[doge_金箍]
💙“ 𝑺𝒐 𝑲𝒆𝒆𝒑 𝒀𝒐𝒖𝒓 𝑬𝒚𝒆𝒔 𝑶𝒏 𝑲𝒊𝒅 𝑵𝒐𝒘. ”💙,BV1ue4y1B7Zv,短裤长毛腿,[脱单doge]
💙“ 𝑺𝒐 𝑲𝒆𝒆𝒑 𝒀𝒐𝒖𝒓 𝑬𝒚𝒆𝒔 𝑶𝒏 𝑲𝒊𝒅 𝑵𝒐𝒘. ”💙,BV1ue4y1B7Zv,悲痛欲绝的耿鬼,什么歌
💙“ 𝑺𝒐 𝑲𝒆𝒆𝒑 𝒀𝒐𝒖𝒓 𝑬𝒚𝒆𝒔 𝑶𝒏 𝑲𝒊𝒅 𝑵𝒐𝒘. ”💙,BV1ue4y1B7Zv,云深似我心,竟然是这首歌！😃
💙“ 𝑺𝒐 𝑲𝒆𝒆𝒑 𝒀𝒐𝒖𝒓 𝑬𝒚𝒆𝒔 𝑶𝒏 𝑲𝒊𝒅 𝑵𝒐𝒘. ”💙,BV1ue4y1B7Zv,我没招了我不行了,少年我看你骨骼惊奇，习得这本书后你必将成就白嫖之神！ ┏┳━━━━━━━━━┓ ┃┃█████████┃ ┣┫████┏━━┓█┃ ┃┃████┃  白 ┃ █┃ ┣┫████┃  嫖 ┃ █┃ ┃┃████┃  秘 ┃ █┃ ┣┫████┃  典 ┃ █┃ ┃┃████┗━━┛█┃ ┣┫█████████┃ ┃┃█████████┃  ┗┻━━━━━━━━━┛ 至于价钱嘛 不多 只需一赞即可获取[doge]
💙“ 𝑺𝒐 𝑲𝒆𝒆𝒑 𝒀𝒐𝒖𝒓 𝑬𝒚𝒆𝒔 𝑶𝒏 𝑲𝒊𝒅 𝑵𝒐𝒘. ”💙,BV1ue4y1B7Zv,碎觉碎觉的结束时,@AAA鲤鱼包
💙“ 𝑺𝒐 𝑲𝒆𝒆𝒑 𝒀𝒐𝒖𝒓 𝑬𝒚𝒆𝒔 𝑶𝒏 𝑲𝒊𝒅 𝑵𝒐𝒘. ”💙,BV1ue4y1B7Zv,考试什么的都毁灭吧,哥会跑酷吗
💙“ 𝑺𝒐 𝑲𝒆𝒆𝒑 𝒀𝒐𝒖𝒓 𝑬𝒚𝒆𝒔 𝑶𝒏 𝑲𝒊𝒅 𝑵𝒐𝒘. ”💙,BV1ue4y1B7Zv,考试什么的都毁灭吧,不能再盗别人了。我要赎罪
💙“ 𝑺𝒐 𝑲𝒆𝒆𝒑 𝒀𝒐𝒖𝒓 𝑬𝒚𝒆𝒔 𝑶𝒏 𝑲𝒊𝒅 𝑵𝒐𝒘. ”💙,BV1ue4y1B7Zv,账号已注销,我觉得好帅
💙“ 𝑺𝒐 𝑲𝒆𝒆𝒑 𝒀𝒐𝒖𝒓 𝑬𝒚𝒆𝒔 𝑶𝒏 𝑲𝒊𝒅 𝑵𝒐𝒘. ”💙,BV1ue4y1B7Zv,Miss聆之韶华,老师已三连求基德的剪辑素材
💙“ 𝑺𝒐 𝑲𝒆𝒆𝒑 𝒀𝒐𝒖𝒓 𝑬𝒚𝒆𝒔 𝑶𝒏 𝑲𝒊𝒅 𝑵𝒐𝒘. ”💙,BV1ue4y1B7Zv,guaidaojidetie,基德一直戴手套，他不会出汗吗？
💙“ 𝑺𝒐 𝑲𝒆𝒆𝒑 𝒀𝒐𝒖𝒓 𝑬𝒚𝒆𝒔 𝑶𝒏 𝑲𝒊𝒅 𝑵𝒐𝒘. ”💙,BV1ue4y1B7Zv,基德大人的扑克,[打call]为基德大人献上吾等最高礼赞[打call]
💙“ 𝑺𝒐 𝑲𝒆𝒆𝒑 𝒀𝒐𝒖𝒓 𝑬𝒚𝒆𝒔 𝑶𝒏 𝑲𝒊𝒅 𝑵𝒐𝒘. ”💙,BV1ue4y1B7Zv,和阔卡抢铉辰老婆,我要打破这个评论数[打call]
💙“ 𝑺𝒐 𝑲𝒆𝒆𝒑 𝒀𝒐𝒖𝒓 𝑬𝒚𝒆𝒔 𝑶𝒏 𝑲𝒊𝒅 𝑵𝒐𝒘. ”💙,BV1ue4y1B7Zv,SkyCeria,绝帅
💙“ 𝑺𝒐 𝑲𝒆𝒆𝒑 𝒀𝒐𝒖𝒓 𝑬𝒚𝒆𝒔 𝑶𝒏 𝑲𝒊𝒅 𝑵𝒐𝒘. ”💙,BV1ue4y1B7Zv,麦麦叁,智者不入爱河，除非怪盗基德
💙“ 𝑺𝒐 𝑲𝒆𝒆𝒑 𝒀𝒐𝒖𝒓 𝑬𝒚𝒆𝒔 𝑶𝒏 𝑲𝒊𝒅 𝑵𝒐𝒘. ”💙,BV1ue4y1B7Zv,苦力怕他二舅,哪个看名侦的女孩子小时候没幻想过半夜醒发现他正站在自家阳台身后还披着月光啊[脱单doge]
💙“ 𝑺𝒐 𝑲𝒆𝒆𝒑 𝒀𝒐𝒖𝒓 𝑬𝒚𝒆𝒔 𝑶𝒏 𝑲𝒊𝒅 𝑵𝒐𝒘. ”💙,BV1ue4y1B7Zv,御閾,看遍了业火的向日葵也没找到，有没有人知道这到底出自哪里？
💙“ 𝑺𝒐 𝑲𝒆𝒆𝒑 𝒀𝒐𝒖𝒓 𝑬𝒚𝒆𝒔 𝑶𝒏 𝑲𝒊𝒅 𝑵𝒐𝒘. ”💙,BV1ue4y1B7Zv,凤清欲,我一进去全是弹幕，看不到一点
💙“ 𝑺𝒐 𝑲𝒆𝒆𝒑 𝒀𝒐𝒖𝒓 𝑬𝒚𝒆𝒔 𝑶𝒏 𝑲𝒊𝒅 𝑵𝒐𝒘. ”💙,BV1ue4y1B7Zv,很A的Candy,[抱拳]
💙“ 𝑺𝒐 𝑲𝒆𝒆𝒑 𝒀𝒐𝒖𝒓 𝑬𝒚𝒆𝒔 𝑶𝒏 𝑲𝒊𝒅 𝑵𝒐𝒘. ”💙,BV1ue4y1B7Zv,五萨崎,@兔子的梦想家 @基德大人太帅怎么了 @bili_39438326805 @奇术师一KID @琋月浮桐 @他是零不是透 @
💙“ 𝑺𝒐 𝑲𝒆𝒆𝒑 𝒀𝒐𝒖𝒓 𝑬𝒚𝒆𝒔 𝑶𝒏 𝑲𝒊𝒅 𝑵𝒐𝒘. ”💙,BV1ue4y1B7Zv,五萨崎,三连送上了
💙“ 𝑺𝒐 𝑲𝒆𝒆𝒑 𝒀𝒐𝒖𝒓 𝑬𝒚𝒆𝒔 𝑶𝒏 𝑲𝒊𝒅 𝑵𝒐𝒘. ”💙,BV1ue4y1B7Zv,五萨崎,求音乐求音乐求音乐！！！！！！
💙“ 𝑺𝒐 𝑲𝒆𝒆𝒑 𝒀𝒐𝒖𝒓 𝑬𝒚𝒆𝒔 𝑶𝒏 𝑲𝒊𝒅 𝑵𝒐𝒘. ”💙,BV1ue4y1B7Zv,曈被困beilo,基德[打call]
💙“ 𝑺𝒐 𝑲𝒆𝒆𝒑 𝒀𝒐𝒖𝒓 𝑬𝒚𝒆𝒔 𝑶𝒏 𝑲𝒊𝒅 𝑵𝒐𝒘. ”💙,BV1ue4y1B7Zv,幸运降臨,@猫猫爱粗鱼 帅！！！！
💙“ 𝑺𝒐 𝑲𝒆𝒆𝒑 𝒀𝒐𝒖𝒓 𝑬𝒚𝒆𝒔 𝑶𝒏 𝑲𝒊𝒅 𝑵𝒐𝒘. ”💙,BV1ue4y1B7Zv,缺退的兔子,真帅🤩
💙“ 𝑺𝒐 𝑲𝒆𝒆𝒑 𝒀𝒐𝒖𝒓 𝑬𝒚𝒆𝒔 𝑶𝒏 𝑲𝒊𝒅 𝑵𝒐𝒘. ”💙,BV1ue4y1B7Zv,Dimple-carol,受不了了，73更魔快好吗，我真的要疯了
💙“ 𝑺𝒐 𝑲𝒆𝒆𝒑 𝒀𝒐𝒖𝒓 𝑬𝒚𝒆𝒔 𝑶𝒏 𝑲𝒊𝒅 𝑵𝒐𝒘. ”💙,BV1ue4y1B7Zv,萌斩狂妄,弹幕吓我一跳
💙“ 𝑺𝒐 𝑲𝒆𝒆𝒑 𝒀𝒐𝒖𝒓 𝑬𝒚𝒆𝒔 𝑶𝒏 𝑲𝒊𝒅 𝑵𝒐𝒘. ”💙,BV1ue4y1B7Zv,永远艾莉,キッド様に吾ら最高の礼賛を捧げる[doge_金箍]
💙“ 𝑺𝒐 𝑲𝒆𝒆𝒑 𝒀𝒐𝒖𝒓 𝑬𝒚𝒆𝒔 𝑶𝒏 𝑲𝒊𝒅 𝑵𝒐𝒘. ”💙,BV1ue4y1B7Zv,奈何心已碎成渣,超爱BGM[呲牙]啊基德[给心心][给心心][给心心]
💙“ 𝑺𝒐 𝑲𝒆𝒆𝒑 𝒀𝒐𝒖𝒓 𝑬𝒚𝒆𝒔 𝑶𝒏 𝑲𝒊𝒅 𝑵𝒐𝒘. ”💙,BV1ue4y1B7Zv,小苟同学吖,假死的老爸，消失的妈，破碎家庭和绝望的他。 谁曾想那白色的斗篷下只是一位17岁的少年。 他的扑克枪从未伤过别人，但装有子弹的枪却永远射向他。 哎，可怜的快斗Sama
💙“ 𝑺𝒐 𝑲𝒆𝒆𝒑 𝒀𝒐𝒖𝒓 𝑬𝒚𝒆𝒔 𝑶𝒏 𝑲𝒊𝒅 𝑵𝒐𝒘. ”💙,BV1ue4y1B7Zv,琦念哀,基德大人！啊啊啊啊
💙“ 𝑺𝒐 𝑲𝒆𝒆𝒑 𝒀𝒐𝒖𝒓 𝑬𝒚𝒆𝒔 𝑶𝒏 𝑲𝒊𝒅 𝑵𝒐𝒘. ”💙,BV1ue4y1B7Zv,迎向新的一年,有生之年可以等到属于快斗的魔快剧场版吗
💙“ 𝑺𝒐 𝑲𝒆𝒆𝒑 𝒀𝒐𝒖𝒓 𝑬𝒚𝒆𝒔 𝑶𝒏 𝑲𝒊𝒅 𝑵𝒐𝒘. ”💙,BV1ue4y1B7Zv,猫耳就是量子力学_,智者不入爱河，除非他是基德[脱单doge]
💙“ 𝑺𝒐 𝑲𝒆𝒆𝒑 𝒀𝒐𝒖𝒓 𝑬𝒚𝒆𝒔 𝑶𝒏 𝑲𝒊𝒅 𝑵𝒐𝒘. ”💙,BV1ue4y1B7Zv,蓝莓主题日,青山刚昌我求你了多更一点魔快好不好🥺
💙“ 𝑺𝒐 𝑲𝒆𝒆𝒑 𝒀𝒐𝒖𝒓 𝑬𝒚𝒆𝒔 𝑶𝒏 𝑲𝒊𝒅 𝑵𝒐𝒘. ”💙,BV1ue4y1B7Zv,基不基德,老师我发现有人抄袭你的作品了[大哭]
💙“ 𝑺𝒐 𝑲𝒆𝒆𝒑 𝒀𝒐𝒖𝒓 𝑬𝒚𝒆𝒔 𝑶𝒏 𝑲𝒊𝒅 𝑵𝒐𝒘. ”💙,BV1ue4y1B7Zv,柯南和怪盗粉丝,基德是真的很帅[星星眼][星星眼]
💙“ 𝑺𝒐 𝑲𝒆𝒆𝒑 𝒀𝒐𝒖𝒓 𝑬𝒚𝒆𝒔 𝑶𝒏 𝑲𝒊𝒅 𝑵𝒐𝒘. ”💙,BV1ue4y1B7Zv,果某人L,基德确实很帅，但剧场版里干的很多事都算犯罪了：中森也真的·······
💙“ 𝑺𝒐 𝑲𝒆𝒆𝒑 𝒀𝒐𝒖𝒓 𝑬𝒚𝒆𝒔 𝑶𝒏 𝑲𝒊𝒅 𝑵𝒐𝒘. ”💙,BV1ue4y1B7Zv,miLesyy,基德生日快乐！
💙“ 𝑺𝒐 𝑲𝒆𝒆𝒑 𝒀𝒐𝒖𝒓 𝑬𝒚𝒆𝒔 𝑶𝒏 𝑲𝒊𝒅 𝑵𝒐𝒘. ”💙,BV1ue4y1B7Zv,引力炸弹手法信仰玩家,预告信来喽，我要偷你宝石了[怪盗基德_预告函][怪盗基德_再见]
💙“ 𝑺𝒐 𝑲𝒆𝒆𝒑 𝒀𝒐𝒖𝒓 𝑬𝒚𝒆𝒔 𝑶𝒏 𝑲𝒊𝒅 𝑵𝒐𝒘. ”💙,BV1ue4y1B7Zv,挽风留夜,@泠柯a_ 基德帅死了[星星眼]
💙“ 𝑺𝒐 𝑲𝒆𝒆𝒑 𝒀𝒐𝒖𝒓 𝑬𝒚𝒆𝒔 𝑶𝒏 𝑲𝒊𝒅 𝑵𝒐𝒘. ”💙,BV1ue4y1B7Zv,七与语,第6秒那个被警察包围到底是哪一集啊我找了半天😭
💙“ 𝑺𝒐 𝑲𝒆𝒆𝒑 𝒀𝒐𝒖𝒓 𝑬𝒚𝒆𝒔 𝑶𝒏 𝑲𝒊𝒅 𝑵𝒐𝒘. ”💙,BV1ue4y1B7Zv,改名不要币能咋,三连了[惊喜]求歌名[大笑]
