视频标题,BVID,分P序号,弹幕内容
名侦探柯北资源,BV1jk9aBpEJL,1,
名侦探柯北资源,BV1jk9aBpEJL,1,
名侦探柯北资源,BV1jk9aBpEJL,1,
“我再也不想扮演你了”[2026工藤新一/江户川柯南生贺]新兰刀子向手书,BV1GjoRBJEJT,1,新酱生日快乐
“我再也不想扮演你了”[2026工藤新一/江户川柯南生贺]新兰刀子向手书,BV1GjoRBJEJT,1,生日快乐
“我再也不想扮演你了”[2026工藤新一/江户川柯南生贺]新兰刀子向手书,BV1GjoRBJEJT,1,新一生日快乐，天天开心
“我再也不想扮演你了”[2026工藤新一/江户川柯南生贺]新兰刀子向手书,BV1GjoRBJEJT,1,工藤新一生日快乐！祝你天天开心
“我再也不想扮演你了”[2026工藤新一/江户川柯南生贺]新兰刀子向手书,BV1GjoRBJEJT,1,新一，生日快樂。。。祝你幸福
“我再也不想扮演你了”[2026工藤新一/江户川柯南生贺]新兰刀子向手书,BV1GjoRBJEJT,1,生日快乐工藤新一
“我再也不想扮演你了”[2026工藤新一/江户川柯南生贺]新兰刀子向手书,BV1GjoRBJEJT,1,大侦探生日快乐！
“我再也不想扮演你了”[2026工藤新一/江户川柯南生贺]新兰刀子向手书,BV1GjoRBJEJT,1,来迟了。新一，生日快乐！
“我再也不想扮演你了”[2026工藤新一/江户川柯南生贺]新兰刀子向手书,BV1GjoRBJEJT,1,
“我再也不想扮演你了”[2026工藤新一/江户川柯南生贺]新兰刀子向手书,BV1GjoRBJEJT,1,
“我再也不想扮演你了”[2026工藤新一/江户川柯南生贺]新兰刀子向手书,BV1GjoRBJEJT,1,
“听说帝丹高中的工藤学长和毛利学姐在谈恋爱”,BV1N8RMBTEEG,1,节日快乐~
“听说帝丹高中的工藤学长和毛利学姐在谈恋爱”,BV1N8RMBTEEG,1,新兰99
“听说帝丹高中的工藤学长和毛利学姐在谈恋爱”,BV1N8RMBTEEG,1,新兰永恒
“听说帝丹高中的工藤学长和毛利学姐在谈恋爱”,BV1N8RMBTEEG,1,新兰99
“听说帝丹高中的工藤学长和毛利学姐在谈恋爱”,BV1N8RMBTEEG,1,新兰永恒
“听说帝丹高中的工藤学长和毛利学姐在谈恋爱”,BV1N8RMBTEEG,1,新兰永恒
“听说帝丹高中的工藤学长和毛利学姐在谈恋爱”,BV1N8RMBTEEG,1,新兰永恒！
“听说帝丹高中的工藤学长和毛利学姐在谈恋爱”,BV1N8RMBTEEG,1,有缘分
“听说帝丹高中的工藤学长和毛利学姐在谈恋爱”,BV1N8RMBTEEG,1,小兰想要小兰得到
“听说帝丹高中的工藤学长和毛利学姐在谈恋爱”,BV1N8RMBTEEG,1,伦敦表白
“听说帝丹高中的工藤学长和毛利学姐在谈恋爱”,BV1N8RMBTEEG,1,
“听说帝丹高中的工藤学长和毛利学姐在谈恋爱”,BV1N8RMBTEEG,1,
“听说帝丹高中的工藤学长和毛利学姐在谈恋爱”,BV1N8RMBTEEG,1,
琴酒询问毛利小五郎和雪莉之间的关系,BV1d1RKB7ETb,1,赤井秀一？
琴酒询问毛利小五郎和雪莉之间的关系,BV1d1RKB7ETb,1,
琴酒询问毛利小五郎和雪莉之间的关系,BV1d1RKB7ETb,1,
琴酒询问毛利小五郎和雪莉之间的关系,BV1d1RKB7ETb,1,
名场面,BV1ehRTB2Ese,1,牛逼
名场面,BV1ehRTB2Ese,1,这个更牛逼
名场面,BV1ehRTB2Ese,1,
名场面,BV1ehRTB2Ese,1,
名场面,BV1ehRTB2Ese,1,
琴酒说七尺大汉不可能躲在柜子里，柯南侥幸逃过一劫,BV1dq9DBBEew,1,早就被发现了，有一集琴酒说小哀心跳大的很。
琴酒说七尺大汉不可能躲在柜子里，柯南侥幸逃过一劫,BV1dq9DBBEew,1,
琴酒说七尺大汉不可能躲在柜子里，柯南侥幸逃过一劫,BV1dq9DBBEew,1,
琴酒说七尺大汉不可能躲在柜子里，柯南侥幸逃过一劫,BV1dq9DBBEew,1,
【工藤新一】大侦探第32个17岁生日快乐！2026.5.4,BV1v7RcBwE1o,1,祝我男神生日快乐！
【工藤新一】大侦探第32个17岁生日快乐！2026.5.4,BV1v7RcBwE1o,1,生日快乐
【工藤新一】大侦探第32个17岁生日快乐！2026.5.4,BV1v7RcBwE1o,1,工藤新一nb呗
【工藤新一】大侦探第32个17岁生日快乐！2026.5.4,BV1v7RcBwE1o,1,大侦探生日快乐
【工藤新一】大侦探第32个17岁生日快乐！2026.5.4,BV1v7RcBwE1o,1,新一生日快乐
【工藤新一】大侦探第32个17岁生日快乐！2026.5.4,BV1v7RcBwE1o,1,新一生日快乐
【工藤新一】大侦探第32个17岁生日快乐！2026.5.4,BV1v7RcBwE1o,1,生日快乐，大侦探
【工藤新一】大侦探第32个17岁生日快乐！2026.5.4,BV1v7RcBwE1o,1,近代福尔摩斯生日快乐
【工藤新一】大侦探第32个17岁生日快乐！2026.5.4,BV1v7RcBwE1o,1,侦探小子生日快乐
【工藤新一】大侦探第32个17岁生日快乐！2026.5.4,BV1v7RcBwE1o,1,大侦探，生日快乐！！
【工藤新一】大侦探第32个17岁生日快乐！2026.5.4,BV1v7RcBwE1o,1,生日快乐！
【工藤新一】大侦探第32个17岁生日快乐！2026.5.4,BV1v7RcBwE1o,1,大侦探，生日快乐
【工藤新一】大侦探第32个17岁生日快乐！2026.5.4,BV1v7RcBwE1o,1,生日快樂
【工藤新一】大侦探第32个17岁生日快乐！2026.5.4,BV1v7RcBwE1o,1,生日快乐
【工藤新一】大侦探第32个17岁生日快乐！2026.5.4,BV1v7RcBwE1o,1,生日快乐
【工藤新一】大侦探第32个17岁生日快乐！2026.5.4,BV1v7RcBwE1o,1,大侦探生日快乐！
【工藤新一】大侦探第32个17岁生日快乐！2026.5.4,BV1v7RcBwE1o,1,大侦探生日快乐！
【工藤新一】大侦探第32个17岁生日快乐！2026.5.4,BV1v7RcBwE1o,1,新一生日快乐
【工藤新一】大侦探第32个17岁生日快乐！2026.5.4,BV1v7RcBwE1o,1,侦探先生，生日快乐。
【工藤新一】大侦探第32个17岁生日快乐！2026.5.4,BV1v7RcBwE1o,1,平成年代的福尔摩斯生日快乐！！
【工藤新一】大侦探第32个17岁生日快乐！2026.5.4,BV1v7RcBwE1o,1,大侦探生日快乐！
【工藤新一】大侦探第32个17岁生日快乐！2026.5.4,BV1v7RcBwE1o,1,新宝生日快乐，根本放不下你…
【工藤新一】大侦探第32个17岁生日快乐！2026.5.4,BV1v7RcBwE1o,1,
【工藤新一】大侦探第32个17岁生日快乐！2026.5.4,BV1v7RcBwE1o,1,
【工藤新一】大侦探第32个17岁生日快乐！2026.5.4,BV1v7RcBwE1o,1,
快斗的父亲现身，怪盗黑鸦正式登场,BV1NyRjBfE13,1,
快斗的父亲现身，怪盗黑鸦正式登场,BV1NyRjBfE13,1,
快斗的父亲现身，怪盗黑鸦正式登场,BV1NyRjBfE13,1,
柯南红方，他们的信息差到底有多大，他们就不能好好坐下聊一聊吗？,BV1CTR5BjEPQ,1,
柯南红方，他们的信息差到底有多大，他们就不能好好坐下聊一聊吗？,BV1CTR5BjEPQ,1,
柯南红方，他们的信息差到底有多大，他们就不能好好坐下聊一聊吗？,BV1CTR5BjEPQ,1,
柯南红方，他们的信息差到底有多大，他们就不能好好坐下聊一聊吗？,BV1CTR5BjEPQ,1,这个他已经知道了吧，列车篇不是提到过吗？
柯南红方，他们的信息差到底有多大，他们就不能好好坐下聊一聊吗？,BV1CTR5BjEPQ,1,艾莲娜是玛丽妹妹，那么安室透和赤井秀一也能通过哀建立一个相对不一样的关系，红茶会谈也没有这条线
柯南红方，他们的信息差到底有多大，他们就不能好好坐下聊一聊吗？,BV1CTR5BjEPQ,1,安室透不是知道的吗 在列车篇还以波本的身份对她说“真不愧是堕天使的女儿”
柯南红方，他们的信息差到底有多大，他们就不能好好坐下聊一聊吗？,BV1CTR5BjEPQ,1,什么小姨子 那是表妹
柯南红方，他们的信息差到底有多大，他们就不能好好坐下聊一聊吗？,BV1CTR5BjEPQ,1,
柯南红方，他们的信息差到底有多大，他们就不能好好坐下聊一聊吗？,BV1CTR5BjEPQ,1,
柯南红方，他们的信息差到底有多大，他们就不能好好坐下聊一聊吗？,BV1CTR5BjEPQ,1,
柯南红方，他们的信息差到底有多大，他们就不能好好坐下聊一聊吗？,BV1CTR5BjEPQ,1,
柯南红方，他们的信息差到底有多大，他们就不能好好坐下聊一聊吗？,BV1CTR5BjEPQ,1,
柯南红方，他们的信息差到底有多大，他们就不能好好坐下聊一聊吗？,BV1CTR5BjEPQ,1,
《名侦探柯南》是青山刚昌送给高山南的情书？,BV1sRR3B2Eqy,1,别说还真是诶
《名侦探柯南》是青山刚昌送给高山南的情书？,BV1sRR3B2Eqy,1,真的不是哀太累了吗
《名侦探柯南》是青山刚昌送给高山南的情书？,BV1sRR3B2Eqy,1,笑死了
《名侦探柯南》是青山刚昌送给高山南的情书？,BV1sRR3B2Eqy,1,他自己知道这事吗
《名侦探柯南》是青山刚昌送给高山南的情书？,BV1sRR3B2Eqy,1,很好笑啊，不觉得吗
《名侦探柯南》是青山刚昌送给高山南的情书？,BV1sRR3B2Eqy,1,真的吗（笑）
《名侦探柯南》是青山刚昌送给高山南的情书？,BV1sRR3B2Eqy,1,我不行了…
《名侦探柯南》是青山刚昌送给高山南的情书？,BV1sRR3B2Eqy,1,
《名侦探柯南》是青山刚昌送给高山南的情书？,BV1sRR3B2Eqy,1,
《名侦探柯南》是青山刚昌送给高山南的情书？,BV1sRR3B2Eqy,1,
建议官方直接用！柯南×名侦探光之美少女联动OP！这波是侦探界天花板联动！,BV1ce9eBiED1,1,
建议官方直接用！柯南×名侦探光之美少女联动OP！这波是侦探界天花板联动！,BV1ce9eBiED1,1,
建议官方直接用！柯南×名侦探光之美少女联动OP！这波是侦探界天花板联动！,BV1ce9eBiED1,1,
工藤有希子是不是很喜欢灰原哀,BV1QPR1BUEPF,1,
工藤有希子是不是很喜欢灰原哀,BV1QPR1BUEPF,1,
工藤有希子是不是很喜欢灰原哀,BV1QPR1BUEPF,1,
“雪地里传来芬兰语”,BV1r49DBLEkY,1,我觉得柯南要被狙击了
“雪地里传来芬兰语”,BV1r49DBLEkY,1,听柯南唱歌结果被创了。
“雪地里传来芬兰语”,BV1r49DBLEkY,1,青山！？
“雪地里传来芬兰语”,BV1r49DBLEkY,1,
“雪地里传来芬兰语”,BV1r49DBLEkY,1,
“雪地里传来芬兰语”,BV1r49DBLEkY,1,
化身护士准备给你听诊の灰原哀,BV19qRFBbEwy,1,
化身护士准备给你听诊の灰原哀,BV19qRFBbEwy,1,
化身护士准备给你听诊の灰原哀,BV19qRFBbEwy,1,
……,BV1haRAB8EWd,1,
……,BV1haRAB8EWd,1,
……,BV1haRAB8EWd,1,
工藤新一吃药变回小孩的设定难道是借鉴这个电影？,BV1yV9qB2Eqx,1,曾志伟？
工藤新一吃药变回小孩的设定难道是借鉴这个电影？,BV1yV9qB2Eqx,1,娟姐配音
工藤新一吃药变回小孩的设定难道是借鉴这个电影？,BV1yV9qB2Eqx,1,嗰部係毕比特嘅本杰明巴顿奇事......
工藤新一吃药变回小孩的设定难道是借鉴这个电影？,BV1yV9qB2Eqx,1,吽咗一嘢......
工藤新一吃药变回小孩的设定难道是借鉴这个电影？,BV1yV9qB2Eqx,1,卢素娟，哈哈哈
工藤新一吃药变回小孩的设定难道是借鉴这个电影？,BV1yV9qB2Eqx,1,大雄喺90年代映真唔得闲.....
工藤新一吃药变回小孩的设定难道是借鉴这个电影？,BV1yV9qB2Eqx,1,家下睇翻，把声好似蔡澜.....哈哈哈
工藤新一吃药变回小孩的设定难道是借鉴这个电影？,BV1yV9qB2Eqx,1,粵語好評
工藤新一吃药变回小孩的设定难道是借鉴这个电影？,BV1yV9qB2Eqx,1,
工藤新一吃药变回小孩的设定难道是借鉴这个电影？,BV1yV9qB2Eqx,1,
工藤新一吃药变回小孩的设定难道是借鉴这个电影？,BV1yV9qB2Eqx,1,
工藤新一吃药变回小孩的设定难道是借鉴这个电影？,BV1yV9qB2Eqx,1,嗨皮嘅时候
工藤新一吃药变回小孩的设定难道是借鉴这个电影？,BV1yV9qB2Eqx,1,有一个好似係李家鼎嘅大仔.....
工藤新一吃药变回小孩的设定难道是借鉴这个电影？,BV1yV9qB2Eqx,1,郭志权
工藤新一吃药变回小孩的设定难道是借鉴这个电影？,BV1yV9qB2Eqx,1,98年嘅娟姐真係忙到飞起
工藤新一吃药变回小孩的设定难道是借鉴这个电影？,BV1yV9qB2Eqx,1,童玲！！！好耐冇见佢啦！！都唔知佢家下点啊.....
工藤新一吃药变回小孩的设定难道是借鉴这个电影？,BV1yV9qB2Eqx,1,左边是不是李泳汉？？
工藤新一吃药变回小孩的设定难道是借鉴这个电影？,BV1yV9qB2Eqx,1,
工藤新一吃药变回小孩的设定难道是借鉴这个电影？,BV1yV9qB2Eqx,1,
工藤新一吃药变回小孩的设定难道是借鉴这个电影？,BV1yV9qB2Eqx,1,
工藤新一吃药变回小孩的设定难道是借鉴这个电影？,BV1yV9qB2Eqx,1,
工藤新一吃药变回小孩的设定难道是借鉴这个电影？,BV1yV9qB2Eqx,1,
工藤新一吃药变回小孩的设定难道是借鉴这个电影？,BV1yV9qB2Eqx,1,
