标签名,标签ID,接口报告总稿件数,BV号,标题,播放量,评论数_reply,弹幕数,时长秒,UP主MID,UP主昵称,页码_抓取时
松田阵平,55247,793,BV12XRFBEEBb,自M26开始 哀和直美在剧场版一直保持联络,418,1,0,119,16219537,絶対女王,1
松田阵平,55247,793,BV1tAREBvEJQ,看完M29的人能反馈一下感想吗 和前面几部相比,142,1,0,63,16219537,絶対女王,1
松田阵平,55247,793,BV1bRRVBsETX,“我提笔不为离愁，只为你转身回眸”,1102,4,48,32,354602679,空明流光moonlight,1
松田阵平,55247,793,BV1xXRuBgEoH,【朋友收集×名柯】别再演三角恋剧情了,443,5,2,57,835876,苍白妄想,1
松田阵平,55247,793,BV1ibo9BHEyh,【谷子整理收纳】吧唧篇7.0,235,0,0,995,47958495,沉迷磕CP的瑛子,1
松田阵平,55247,793,BV1d8o9BDEph,【谷子整理收纳】纸片篇2.0,195,0,0,356,47958495,沉迷磕CP的瑛子,1
松田阵平,55247,793,BV1TNRTBvEXf,谨以此视频献给松田阵平和萩原研二！,746,7,1,806,1929067379,打烊4869,1
松田阵平,55247,793,BV1Q89hBrEXJ,V3 高清 标题logo经典开场白《名侦探柯南：高速公路的堕天使》,3825,25,0,174,3493103927298688,恰逢蝉鸣起,1
松田阵平,55247,793,BV1e49kBVExM,名柯中最意难平的白月光！,273,2,0,113,249179977,白给阿太,1
松田阵平,55247,793,BV13WomBaEqc,柯南M29角色原画册 高速公路之书,447,2,0,47,16219537,絶対女王,1
松田阵平,55247,793,BV16Ko1BKE5y,V2 清晰 标题logo经典开场白《名侦探柯南：高速公路的堕天使》,2697,13,2,174,3493103927298688,恰逢蝉鸣起,1
松田阵平,55247,793,BV1HGo6BdE2D,这么可爱真是抱歉啦！,840,8,1,18,3546727502056278,IM-云,1
松田阵平,55247,793,BV1ZroXBWE9g,柯南M29《高速公路的堕天使》回归经典开场白,1355,7,0,195,16219537,絶対女王,1
松田阵平,55247,793,BV1EPoRBtEbG,V1 标题logo经典开场白《名侦探柯南：高速公路的堕天使》,8131,64,28,188,3493103927298688,恰逢蝉鸣起,1
松田阵平,55247,793,BV1spoDBfEfG,柯南M29高能 千速飙车冲天 M25和28情节融合,1460,5,0,246,16219537,絶対女王,1
松田阵平,55247,793,BV1B3oVBrEVn,五人组的极致浪漫,424,3,1,39,19307365,Tina拗不过-分层开采,1
松田阵平,55247,793,BV1cQobB8E2P,名柯最强白月光——松田阵平!,1042,1,0,17,690083009,寅寅狗狗-你发图我画,1
松田阵平,55247,793,BV1FzonBiE71,近期国现收物开箱（刚换华为没想到反转视频会尺幅缩水只好竖版了）,348,0,0,806,92814139,想喝黑麦威士忌,1
松田阵平,55247,793,BV1rgd1BBE6F,[中字]新闻-柯南M29票房破63亿｜连续两周位居榜首,1867,15,0,39,702964214,少卿大理寺,1
松田阵平,55247,793,BV14Td4BZEUi,【ニコカラ/KTV字幕】ラストダンスあなたと(与你最后的舞蹈《名侦探柯南剧场版29：高速公路的堕天使》/MISIA主题曲),1001,14,0,428,10077309,楚子鵷,1
松田阵平,55247,793,BV1XQdWBcEZW,【剧场版/特别映像】名侦探柯南M29：高速公路的堕天使「人气爆火PV」(萩原研二＆松田阵平) （中字）,315,13,0,62,39811731,阿库娅桑,2
松田阵平,55247,793,BV1YzdLBTELZ,【萩松】Scheiße meme,413,3,0,17,419616889,康儿KANG,2
松田阵平,55247,793,BV1nFdjBXEkT,[中字]柯南M29 萩原研二&松田阵平语音｜大热上映PV,1476,4,0,35,702964214,少卿大理寺,2
松田阵平,55247,793,BV1CodLBREKx,松田和研二在天上祝贺千速的M29,200,1,0,31,16219537,絶対女王,2
松田阵平,55247,793,BV1JNdjBJEDS,柯南M29高速公路的堕天使 超人气大卖PV,2163,11,0,31,417121751,柯研所DCI,2
松田阵平,55247,793,BV1zAdjBDE9x,柯南M29 松田阵平&萩原研二 特别PV,903,2,0,31,11972834,Mai_way,2
松田阵平,55247,793,BV1SKDXBdEhR,怪盜基德₊⊹𝜗ৎ白馬探꩜｡⋆.松田陣平｜愿收出物不再遇到疯子૮꒰ •͈ ·̭ •͈ ꒱ა,587,4,1,85,570407729,Dairenesy-rua,2
松田阵平,55247,793,BV1trQnBiEQF,[リレイアウター|中继输出者]松田阵平中心向,43,0,0,40,3546846697883918,好想做个好梦啊,2
松田阵平,55247,793,BV1j8QeBHEfu,【松田阵平】拽酷温柔，刻在骨子里的帅,1188,7,0,116,19307365,Tina拗不过-分层开采,2
松田阵平,55247,793,BV1qcQhByERz,M29当年千速得知弟弟殉职有撕心裂肺哭出来吗,9167,17,1,80,16219537,絶対女王,2
松田阵平,55247,793,BV1EeQbBGEqH,“松田阵平是多少人的意难平啊”,600,0,0,40,59759400,柯笔动漫,2
松田阵平,55247,793,BV1V4DyB3EMo,怪盜基德.☘︎˖白馬探｜tcg卡牌開箱｜如果你知道20几盒车最高卡位是一张mr你也会同情我૮₍⑅ ⌯́⌓⌯̀₎ა,647,5,2,48,570407729,Dairenesy-rua,2
松田阵平,55247,793,BV1U7D1BKErs,千速与世良 田中若能撑到现在就算母女另类同框,337,1,0,17,16219537,絶対女王,2
松田阵平,55247,793,BV1oiDCB5Eey,我去不早说,83,2,0,14,3546571643815941,感感感感感冒零,2
松田阵平,55247,793,BV1mhQABJER4,剧透｜柯南M29首映：17点剧情总结+谷子实拍，你想知道的都在这了！,6572,28,116,427,276167390,胖胖聊科技-京都,2
松田阵平,55247,793,BV1vdQABAE9r,看柯南M29前 先了解主要人物生平,249,1,0,330,16219537,絶対女王,2
松田阵平,55247,793,BV1nHQwBqEtf,柯南M30预告伦敦与新兰&M29场刊及部分剧透,1867,6,0,152,16219537,絶対女王,2
松田阵平,55247,793,BV1i4DxBtEH2,【柯南与日剧】梦开始的地方：早见淳登场！萩原健一VS水谷丰！,1132,10,1,610,369691411,Vermouth_小贝,2
松田阵平,55247,793,BV1qWDZBSEYj,柯南剧场版M29《高速公路的堕天使》新预告,3815,44,0,31,417121751,柯研所DCI,2
松田阵平,55247,793,BV1xPDZBYEKU,[中字]柯南M29 上映日宣传,1862,11,0,35,702964214,少卿大理寺,2
松田阵平,55247,793,BV12WDsB6EEJ,[中字]柯南M29 入门篇主要角色介绍,3270,39,6,330,702964214,少卿大理寺,3
松田阵平,55247,793,BV16HDEBmEog,柯南M29 高速公路的堕天使 入门篇,288,0,0,330,11972834,Mai_way,3
松田阵平,55247,793,BV1sUD5BCEp8,柯南M29上映倒计时,192,0,0,77,1621939403,高速公路的残像,3
松田阵平,55247,793,BV1yUD5BCEXM,柯南M29角色PV丨萩原研二&松田阵平,1005,1,0,15,1200160937,Ultra森涛,3
松田阵平,55247,793,BV1pRD5BzE1S,柯南剧场版M29倒计时5天预告,2292,19,0,15,417121751,柯研所DCI,3
松田阵平,55247,793,BV1CMDGBAEoK,【4K/中字】柯南M29《高速公路的堕天使》上映前最终预告放出！大量新画面！上映前终极预告！,40482,155,35,126,45053576,QG柯南,3
松田阵平,55247,793,BV1kMDGBAEmj,[中字]柯南M29倒计时DAY5预告——松田阵平&萩原研二,1312,5,0,15,702964214,少卿大理寺,3
松田阵平,55247,793,BV1yNDGBNEVX,【柯南M29上映倒计时】✧𓆩萩原研二 ┋ 松田阵平𓆪✧,493,0,0,211,11972834,Mai_way,3
松田阵平,55247,793,BV1Bb9NBjE35,【警五】清明,958,30,0,27,89809236,下个世界副本见,3
松田阵平,55247,793,BV1taDMBcEHd,柯南M29新PV+M30柯南不在！？,7881,52,0,187,11972834,Mai_way,3
松田阵平,55247,793,BV1q5DMBkEwr,柯南剧场版M29《高速公路的堕天使》2分钟预告,738,4,0,121,272491659,絶対女王無,3
松田阵平,55247,793,BV157DMBrEoA,【中字】柯南M29「高速公路的堕天使」120s预告公开,2368,44,0,121,702964214,少卿大理寺,3
松田阵平,55247,793,BV1ArQZBwEb3,其实我一直都不喜欢警校五人组,14512,131,76,893,3493130684860772,辛迪DevilCindy,3
松田阵平,55247,793,BV1gX9EBMEiy,【名侦探柯南万圣节的新娘~点播reaction】为了警校组包了这顿饺子，剧情一言难尽,1983,2,2,6378,95698,糟糕的貓貓,3
松田阵平,55247,793,BV14L9jBRE7L,松田阵平,437,2,0,58,3546715357448876,赫梦中游,3
松田阵平,55247,793,BV1EPX8B2EN3,[中字]柯南M29公开纪念「动作场景篇」|主旋律片段试听！,4766,17,2,304,702964214,少卿大理寺,3
松田阵平,55247,793,BV1HsXHBcEPZ,[中字]柯南M29公开纪念「主要角色篇」|主旋律片段试听！,5178,21,0,299,702964214,少卿大理寺,3
松田阵平,55247,793,BV1gMQSBQEnG,白月光,181,3,0,19,3546840811178402,林恒猫猫,3
松田阵平,55247,793,BV1NFQzB7Enq,【Matsuda陣平酱】墨松,22,0,0,16,492246824,Matsuda陣平酱,3
松田阵平,55247,793,BV1tnAGzMEvE,“事已至此，请你们尽情活在我的世界里吧”,8038,88,2,234,873181,洛丹,3
松田阵平,55247,793,BV1PgwXz5EaZ,開箱｜⊹₊⋆毛利蘭‎˖ִ 𖤐𐙚｜26戰國𓏵中華廚房,1205,22,5,70,570407729,Dairenesy-rua,4
松田阵平,55247,793,BV1oWP9zgEj6,柯南剧场版M29即将上映！名侦探柯南:高速公路的堕天使  最终预告cut,1182,4,0,32,3461575971179332,柯学馆,4
松田阵平,55247,793,BV1CePCzXENc,【爆处组】松田警官收到了奇怪的手机/tell me,2438,14,1,19,554381190,回_ovo,4
松田阵平,55247,793,BV1XDAdziEMF,【4K/中字】柯南M29《高速公路的堕天使》IMAX&杜比影院&4D特殊版本预告,3316,14,0,43,45053576,QG柯南,4
松田阵平,55247,793,BV1pbAdzQEca,[中字]柯南M29特别制式预告,3216,10,1,43,702964214,少卿大理寺,4
松田阵平,55247,793,BV1HhAdznE5W,【柯南M29多版本上映预告】IMAX・MX4D・4DX・DolbyCinema,493,2,0,41,11972834,Mai_way,4
松田阵平,55247,793,BV15gPuzGEvK,【松田阵平】收物合集 第一弹,37,1,0,178,47958495,沉迷磕CP的瑛子,4
松田阵平,55247,793,BV1wuA1zRE8A,名侦探柯南×CarSensor 二手车平台联动CM,2092,4,1,61,702964214,少卿大理寺,4
松田阵平,55247,793,BV1zCfYBuEar,M29又要原创小兰被绑架了，接下来的剧情发展基本上都能猜到了…,2230,17,0,39,668727289,阴晴不定的官配党,4
松田阵平,55247,793,BV1dLfUBkEJP,【名侦探柯南手书】爆处组的晚聚焦点,1096,8,0,184,835876,苍白妄想,4
松田阵平,55247,793,BV1QCfBBCE6s,剧场版《名侦探柯南：高速公路上的堕天使》官方预告片,41,0,0,91,3461575971179332,柯学馆,4
松田阵平,55247,793,BV1CsfMB5Ekv,[中字]新闻—柯南M29主题曲歌手MISIA公布！！,10129,40,1,99,702964214,少卿大理寺,4
松田阵平,55247,793,BV1U5fKBVE6F,【4K/中字】柯南M29《高速公路的堕天使》90s终极预告公开！MISIA演唱「与你的最后一舞」！,22603,105,6,94,45053576,QG柯南,4
松田阵平,55247,793,BV1DKfKBUEnM,名侦探柯南m29高速公路的堕天使90秒预告,655,1,0,91,372246526,凌空之宇,4
松田阵平,55247,793,BV1b9fKB2EFc,【中字】柯南M29「高速公路的堕天使」90s预告公开！！,4736,50,3,91,702964214,少卿大理寺,4
松田阵平,55247,793,BV1bXfKB7EFR,【柯南M29】高速公路的堕天使 主题曲MISIA 90s+30s预告,1187,0,2,121,11972834,Mai_way,4
松田阵平,55247,793,BV1BhfPB9EnA,【台配国语】踩油门向前冲,577,1,0,233,1488617659,瑪利歐路易吉,4
松田阵平,55247,793,BV16tfPBdEnG,柯南剧场版M29《高速公路的堕天使》90秒预告,31998,496,41,91,417121751,柯研所DCI,4
松田阵平,55247,793,BV1NZfPBTEh1,柯南M29剧场版《高速公路的堕天使》90秒预告 主题曲《和你的最后一舞》MISIA,1644,6,0,182,16219537,絶対女王,4
松田阵平,55247,793,BV1XhZUBBExk,我终于找到了警五代餐,1900,10,1,175,3546793298103122,你们怎么什么都会哇,4
松田阵平,55247,793,BV1RNZPBmEXn,【谷子开箱】最最最幸福的开箱，大家除夕快乐！,56,0,0,246,2466240,淳淳_hgmt,5
松田阵平,55247,793,BV1Ntc3zoEbk,【松田阵平】拼团清货 第一弹,45,0,0,629,47958495,沉迷磕CP的瑛子,5
松田阵平,55247,793,BV1y6cbzrEc5,不愿在zbj浪费情绪了｜名柯年前开箱大合集｜四分钟长视频来啦˙Ⱉ˙早就想吐槽zbj了！,1421,10,3,241,570407729,Dairenesy-rua,5
松田阵平,55247,793,BV1eCFdzhE54,《松田阵平》,133,2,0,10,3690990869153975,上衫由衣,5
松田阵平,55247,793,BV1KgcAzTEZ8,【松田阵平＆IDOLISH7&恋与制作人&无限滑板】模玩熊清货,54,1,0,1282,47958495,沉迷磕CP的瑛子,5
松田阵平,55247,793,BV1GYcczCE8C,柯南主线讲解第27期——通过M29“高速公路的堕天使”的最新海报，得出以下情报……,213,0,0,443,351904314,Vladmir熙,5
松田阵平,55247,793,BV1jWcczSE6F,hagi，该回家了……,132,1,0,20,3546733078382815,yz迟,5
松田阵平,55247,793,BV1XacczVEmw,永远的爆处双星(*꒦ິ⌓꒦ີ),81,1,0,19,3546733078382815,yz迟,5
松田阵平,55247,793,BV1VbcczjEDx,她是我为你们创造的本不存在的未来,16,0,0,12,3546733078382815,yz迟,5
松田阵平,55247,793,BV1bjFxzqEMP,《名侦探柯南：高速公路的堕天使》正式海报公开！「风之计划」宣传联动活动全面启动！柯南M29真实取景地特别PV！,1029,12,1,67,3461575971179332,柯学馆,5
松田阵平,55247,793,BV19pFszCEtH,[中字]2月日历「透教和叶做点心」语音&柯南M29宣发CM1＋柯南提示「研二&松田」,6241,15,2,29,702964214,少卿大理寺,5
松田阵平,55247,793,BV1kZFkzCEiz,【AI翻唱 松田阵平】ロストアンブレラ（丢失的雨伞）,109,2,1,205,1468460624,靜かな春,5
松田阵平,55247,793,BV1iGFCzPETB,［警五］“细水长流也可以”,278,0,0,15,3494362421922022,仝顾,5
松田阵平,55247,793,BV1K46bBfEQw,开箱｜安室透/松田阵平吧唧/新兰扭蛋,421,2,0,34,8348517,Yoong_碳酸水,5
松田阵平,55247,793,BV1J56xBgEQk,松田你要萌死我吗,58,2,0,11,3546869271628528,松田宝宝乖乖的,5
松田阵平,55247,793,BV1g36pB1EMP,【推し活 / 降松降】嫌い嫌い but 好き. . .,45,2,0,9,1245258806,皆川カレン,5
松田阵平,55247,793,BV1KF62B3E7f,盘点名柯人物的爆帅瞬间（7）,684,13,2,69,493837517,新兰永恒68,5
松田阵平,55247,793,BV1zo6qBgEna,《[萩松cb手书]警犬》,883,6,0,62,32829844,ペニシリン_,5
松田阵平,55247,793,BV1Uq6cB7Eg8,【名柯/警校组】多幸运有像你这样的朋友,11833,0,0,232,668177182,芜菁明初,5
松田阵平,55247,793,BV1Vm6wB8Ers,【警校五人组】盘点警校五人组的闯祸瞬间,2909,1,0,98,57412983,一只白珞,5
松田阵平,55247,793,BV1CF6gBeEmt,这段回忆杀 真的要命🥺🥺🥺,682,1,0,110,3546681377294871,冯冯放假了,6
松田阵平,55247,793,BV1aCzxB4E7v,警校五人组,410,2,0,23,3461562918505001,秋乔昕,6
松田阵平,55247,793,BV1M6zQBsEtF,什么！老师要求写一篇作文，题目自拟题材不限，她竟写了名侦探柯南同人文？还获得了一个甲！,36,1,4,13,3546631219710853,白马探超重度依赖,6
松田阵平,55247,793,BV1QRzrBPETR,名柯：学的四人艺 归来却是零/.,95,1,0,120,3546561271302990,流年似金t,6
松田阵平,55247,793,BV1y9zcBkEpZ,当遇到景光被搭讪的场面,1872,9,0,50,1551366641,怀雨上,6
松田阵平,55247,793,BV1h8zLBxETH,【松田阵平 情歌不止】,89,2,0,186,1176781988,睡不醒的狐莉,6
松田阵平,55247,793,BV1eJzLBAEeo,切煤｜安室透/诸伏景光/努努/毛巾/吧唧,521,8,1,56,8348517,Yoong_碳酸水,6
松田阵平,55247,793,BV1RCrhBUExi,開箱vlog｜land方松田☪︎⋆永夜序曲刺綉吧唧｜名偵探柯南,259,4,0,35,570407729,Dairenesy-rua,6
松田阵平,55247,793,BV1LAr9BLEw1,你穿越柯学世界成为了警校白月光松田阵平的妹妹，并毕业即失业，连原主都喝毒药自尽了！  还好她携米其林厨艺穿越，一心搞钱想开小吃店，却没料想—三个大佬能听见她心声,1407,0,0,62322,3546864729197214,奥特同人迷,6
松田阵平,55247,793,BV1H2ksBjEfr,开箱｜安室透/松田阵平吧唧/拍立得,607,7,0,65,8348517,Yoong_碳酸水,6
松田阵平,55247,793,BV1wCrUBCEDH,省流：小阵平,83,4,0,9,3546916348496376,忧郁的碳酸饮料,6
松田阵平,55247,793,BV1sar2BGEg4,【名侦探柯南‖爆破处双子】让我仔细看看你的模样，倒数着最后的谢幕时光,206,2,0,32,349145338,菀柳之惕,6
松田阵平,55247,793,BV1XMkNB6EvU,警校五人组，挑战自己摸鱼一下，话说回来，2026年，也就是今年的4月15日，是万圣节的新娘，上映的四周年，纪念一下，希望Zero可以带着他们的意识走下去！,142,6,0,340,3690984158267527,Sinotyrannus,6
松田阵平,55247,793,BV1wykwBJE8f,是什么颜色捏～,2046,13,1,26,1728713,老年人铃铛,6
松田阵平,55247,793,BV1nCrZBeExH,松萩互动小剧场,149,0,0,34,3690994899880773,零-景光,6
松田阵平,55247,793,BV1chrhBZE8Q,開箱vlog｜蜜語基德⭒新蘭世紀之吻｜超可愛的小貓咪ฅ՞••՞ฅ,1136,6,0,65,570407729,Dairenesy-rua,6
松田阵平,55247,793,BV1BJrnBsEP8,【警校五人组｜花曇り】,198,2,1,115,3494366754638265,deGaulleCharles,6
松田阵平,55247,793,BV1KHrJBNE3k,青山刚昌终于把白月光变平庸男！松田阵平在千速与佐藤变三角恋,5260,13,0,108,3632317000059265,f皮_damn,6
松田阵平,55247,793,BV1F1rqBkEdP,unboxing｜自印贴纸书试吃,658,5,0,60,22964484,是酷酷啊_,6
松田阵平,55247,793,BV1eSrYBpEdJ,松田和千速以这种方式同框…太扎心了…,962,12,0,41,3546736081504278,下班画画,6
松田阵平,55247,793,BV1QdrYBEEL3,【萩松/驾鹤西去】没关系，此生不怪你呀,1094,16,1,33,443183566,aaa安静的小透明,7
松田阵平,55247,793,BV12craBTEKi,開箱vlog｜怪盜基德★∻∹⋰⋰｜超好價收的一些美麗吧唧,721,2,0,31,570407729,Dairenesy-rua,7
松田阵平,55247,793,BV1wbrhBFEfN,【警校五人组，名柯意难平】5-4确实等于0,769,2,0,32,1106874338,起什么名字也太烦了,7
松田阵平,55247,793,BV1Ln6ZBxE4G,【名侦探柯南】动画30周年人物介绍，第十八位登场，你猜对了吗,184,0,0,39,395450119,晓伴君兮,7
松田阵平,55247,793,BV1WQ6UBVESQ,【警校五人组|起风了】“但我更想跟你们一起啊”|5-4=零=5,288,1,0,323,3690979347401258,水沝淼㵘XLN,7
松田阵平,55247,793,BV1bq6UBXEpr,明侦三个！已买断！禁止个人使用！,1364,5,0,10,330135600,冥河小狗,7
松田阵平,55247,793,BV1J962BPEHJ,错过松田阵平，会是你的遗憾吗？,1826,3,0,10,380555617,_柏建,7
松田阵平,55247,793,BV1cJrVBGEJ4,［稿子］松田阵平,354,2,0,41,1173245308,Ye_Mmm,7
松田阵平,55247,793,BV1NzrTBNE6C,"""你只不过是太像他了""",2268,4,0,21,1900411022,阿弥Cut,7
松田阵平,55247,793,BV131rKB3EuX,现在的名侦探柯南真是看得我眼前一黑又一黑,26472,160,67,145,65229631,Victoria_AW,7
松田阵平,55247,793,BV189iXB9E8y,谁还记得第一次见到松田哥，心是怎样波动,1569,9,0,46,157792157,菜豆四一,7
松田阵平,55247,793,BV1oFiRBBEVJ,[中字]新闻—柯南M29 & 神奈川县警宣发启动,2032,3,0,52,702964214,少卿大理寺,7
松田阵平,55247,793,BV1QHimBgEKL,【名侦探柯南】盘上的连锁 警五（除降谷）战斗语音,352,5,0,254,835876,苍白妄想,7
松田阵平,55247,793,BV1hWi7B4EdT,大爱海藻头｜名侦探柯南松田阵平｜盲盒手办开箱｜疯狂开箱18,408,0,1,121,19109012,Chooco石尧,7
松田阵平,55247,793,BV1WPqNB1EBq,“抱歉，我没办法实现承诺了”,294,1,0,41,1106874338,起什么名字也太烦了,7
松田阵平,55247,793,BV164qwBAE7w,开箱｜安室透/松田阵平吧唧/拍立得,644,6,0,85,8348517,Yoong_碳酸水,7
松田阵平,55247,793,BV1oeiEBBEQA,【名柯警校五人组reaction】路人第一次看名柯警校五人组,773,3,0,3879,3546939194870430,这颗桃子脆又甜,7
松田阵平,55247,793,BV1hCiqBLEUw,[警四中心向I手书]少女A（合集）,1080,16,2,242,3546950630639792,永远的警校组,7
松田阵平,55247,793,BV1xTivBwEwS,《名柯警局五人组reaction专场》是我没看到的剧情啊！好优秀又超正的五个人！好好哭！太可惜了！,2061,9,2,3980,373545620,慕檀_JCT,7
松田阵平,55247,793,BV1MzvfBeE8R,【名侦探柯南盘上的连锁】2026年元旦福袋获得SSR松田阵平和SSR服部平次,259,0,0,31,1882570,小斐Suzushi,7
松田阵平,55247,793,BV1o6iFBQERt,开箱｜松田阵平吧唧/安室透色纸/拍立得,435,1,0,65,8348517,Yoong_碳酸水,8
松田阵平,55247,793,BV1B6i3BHExV,【直播专场·怪盗基德➕警校五人组reaction】怪盗基德个人向、快青cp向、警校五人组，真的好刀,1552,1,2,4487,226105309,手机没内存了谢谢,8
松田阵平,55247,793,BV1dxiGBSEWo,【警五】元旦,512,14,1,24,89809236,下个世界副本见,8
松田阵平,55247,793,BV1vRvaBBEhH,新年倒计时，名柯团来给你说新年快乐！！,2747,8,5,20,3546630997412341,美女需要解释吗,8
松田阵平,55247,793,BV1YbvsBVEAw,松田阵平：米花町哪来的这么多案件？！,772,20,1,16,3546916348496376,忧郁的碳酸饮料,8
松田阵平,55247,793,BV1YCvHBKEPm,【Meme】萩萩松松的二字词语接龙！,637,5,0,22,240777979,偷只小鱼干,8
松田阵平,55247,793,BV1a4v1BNEba,〖名柯/警五〗那个夏天,215,1,0,102,3494368369445275,命运是一种选择,8
松田阵平,55247,793,BV13RvzBQERf,名柯漫画1156《能找到戒指的魔法》松田阵平对千速告白！案件告破！,698,1,1,230,3537118800382343,阿尔法A黑兵,8
松田阵平,55247,793,BV1wkBrBJEVk,没想到在跨年时收到了松田阵平的祝福！,1224,3,0,13,380555617,_柏建,8
松田阵平,55247,793,BV1oqBYBSESL,柯南最新主线情报！松田阵平将在新剧场版复活？漫画1154话-1156话！剧场版《高速公路的堕天使》观影前必看！,309519,742,942,752,14068111,黝黑蜗壳天眼老师,8
松田阵平,55247,793,BV1o2BqBFERb,【生死对决】佐藤美和子VS萩原千速,1042,3,37,209,1480630101,白金小艾,8
松田阵平,55247,793,BV19SBvBJEBE,【架空】名探偵コナンメインテーマ(ハイウェイの堕天使ヴァージョン),3116,10,0,175,13320065,超联先辈,8
松田阵平,55247,793,BV1hYBeBGEcE,我终于将松田阵平的谷子做出来了！,2014,19,0,86,380555617,_柏建,8
松田阵平,55247,793,BV1Y4BeBjEMu,亡夫回忆录？论萩原千速如何毁掉松田阵平人设！锅在青山！,104831,800,571,545,6309346,爱吃拉面的小Lam同学,8
松田阵平,55247,793,BV1gDBhBPEwv,青山刚昌终于把白月光变平庸男！松田阵平新增单恋千速求婚被拒，转头追佐藤，深情人设崩塌！,29683,46,218,108,23605370,抹茶挖一挖,8
松田阵平,55247,793,BV1xEB9BWETb,【名柯/警校五人組】III手书·圣诞节快乐！,952,18,2,37,1881195481,宋璟stifle,8
松田阵平,55247,793,BV1fhBQBqE3V,柯南1156中字:松田激情告白千速，提出约会请求,207,1,0,15,1344754054,新兰咖喱酱,8
松田阵平,55247,793,BV1hsBXBhEen,松田阵平show,3647,8,2,19,365359200,五螞蟻potato,8
松田阵平,55247,793,BV1bcBmBrEWK,[萩松向]在圣诞节，梦见你,535,17,0,108,5675990,吾是上帝视角,8
松田阵平,55247,793,BV1QGB2B5Ehk,【警五】圣诞节,943,23,0,20,89809236,下个世界副本见,8
松田阵平,55247,793,BV1XGB2B5Exv,【爆处组】圣诞颂歌,280,5,0,15,382274778,雾黎黎黎黎黎--,9
松田阵平,55247,793,BV1YfBjBhEBB,青山刚昌今年的圣诞哀，戴墨镜喊话松田,618,3,0,21,1344754054,新兰咖喱酱,9
松田阵平,55247,793,BV1zkBjBGEvX,你只不过太像他了…,8679,4,0,23,471149924,香蕉船象鼻鱼,9
松田阵平,55247,793,BV124B5B1E9P,[萩松向]圣诞快乐🎄,519,11,0,75,5675990,吾是上帝视角,9
松田阵平,55247,793,BV1ciB5BzE8c,柯南漫画1156新系列完结篇——《能找到戒指的魔法》案件水落石出，荻原千速回忆起曾被戴在手上的戒指，想起烟花大会与松田阵平表白之往事！,518,6,0,58,1144452137,麦卡伦-威士忌,9
松田阵平,55247,793,BV1TpB5BEEdj,🎄陪家产过圣诞节|萩松宝宝圣诞快乐～⭐,58,0,0,23,2466240,淳淳_hgmt,9
松田阵平,55247,793,BV1bwBLBDEWD,消失的戒指背后的狗血真相是什么？松田阵平的土味情话有多土，柯南最新漫画1156话《能够找到戒指的魔法》剧情分享...,1261,7,3,144,355294965,距离厘米远,9
松田阵平,55247,793,BV1jxBLBNEfp,【2025圣诞哀】松田君…在平安夜的Sunday告白，这不是挺能干的嘛♡稍微有点羡慕千速了呢。,623,1,0,46,11972834,Mai_way,9
松田阵平,55247,793,BV1JRB3BfEQ9,1156松田的告白,209,2,0,48,437853685,蘭宝11,9
松田阵平,55247,793,BV17VBTB3Ec1,我们心脏同频始终共鸣/ 萩原「我要是死了 你就帮我报仇吧」/松田「抱歉恐怕我履行不了和你的约定了」/松田阵平 萩原研二/PS练习20,199,1,0,11,33977365,君叶红枫,9
松田阵平,55247,793,BV185qSB2Esd,柯南图透：重悟评价松田死了还是强劲的对手,1070,2,0,12,1344754054,新兰咖喱酱,9
松田阵平,55247,793,BV1XSqSBXEkS,【名侦探柯南reaction】〖1086.1095.1099.1118.1134〗警校五人组！,11331,43,22,6558,101703686,香香兔纸,9
松田阵平,55247,793,BV176qSBfE2N,柯南1156图透：松田告白千速，为她戴上戒指,823,5,0,12,1344754054,新兰咖喱酱,9
松田阵平,55247,793,BV1UqBFBrEGz,柯南第1156话：松田对千速告白，为她戴上戒指,10814,37,2,12,1344754054,新兰咖喱酱,9
松田阵平,55247,793,BV1jDqHBEEji,你一定也很想他吧😭,717,1,0,62,3546878211787310,不冷Qin,9
松田阵平,55247,793,BV1TJqbBXEmH,师傅来他家修修灯吧（目瞎）,638,10,0,49,427184412,RXMxue,9
松田阵平,55247,793,BV1w4q4BgEkr,〔柯南〕警校五人组，终是最大意难平！5减去4 确实等于“零”,28462,11,119,580,451766926,阿杰说漫,9
松田阵平,55247,793,BV1qQqWBxEiB,沉浸式吧唧换袋,147,0,0,149,3494358087109146,一起去吃沙琪玛吧,9
松田阵平,55247,793,BV1Q7mkBoE9K,男大松田日常照流出,91,2,0,14,190216123,包包包包个奶牛猫,9
松田阵平,55247,793,BV1X7mkBoE57,if线黑萩红松,542,9,0,57,190216123,包包包包个奶牛猫,9
松田阵平,55247,793,BV1GJmkB4E7F,爆处幼驯染的狐兔拍照挑战,188,0,0,27,190216123,包包包包个奶牛猫,10
松田阵平,55247,793,BV1fomqBREn4,开箱｜松田阵平/诸伏景光/萩原研二立牌,770,2,0,28,8348517,Yoong_碳酸水,10
松田阵平,55247,793,BV1GymeBMECr,当柯哀党像祁同伟那样用生命来捍卫海拔拉……这枪打得好啊，比琴酒射向灰原哀的子弹还好啊,881,1,0,56,3546734275857016,打擦斗士孙悟空,10
松田阵平,55247,793,BV1TAmDBgE8z,求动画组放过阵平吧,293,3,0,12,3546981645421410,洛琦乔希-哀,10
松田阵平,55247,793,BV1Rxm5BmEcd,三个浑身湿透的嫌疑人究竟谁会是凶手？魔法大帝松田阵平的纯爱日常！柯南最新漫画1155话剧情分享......,775,3,0,151,355294965,距离厘米远,10
松田阵平,55247,793,BV1ENmhBTEsA,【警校组】开始为五 结束为零,522,3,0,80,3493295317583911,安了个笙笙,10
松田阵平,55247,793,BV19Um4BnEAb,M29要上映了，那么…,13516,15,3,116,3546714797508840,章鱼与Uu,10
松田阵平,55247,793,BV1DvmxB3EEt,M29惊现松田阵平！！！难道死去的白月光要复活了吗,199,0,0,26,506489172,天添诶,10
松田阵平,55247,793,BV1P4m4BiEYe,柯南漫画1155——《戒指的去向》案件陷入僵局，一筹莫展之际，“魔法”出现，令人茅塞顿开,423,6,0,58,1144452137,麦卡伦-威士忌,10
松田阵平,55247,793,BV1KE2DBKEiK,【萩松/最渣男主角】嘿嘿，完美日常,800,10,0,34,443183566,aaa安静的小透明,10
松田阵平,55247,793,BV19B2UBCEJG,名侦探柯南剧场版M29《高速公路的堕天使》登场角色墙完整公开！！！,213,0,0,12,1144452137,麦卡伦-威士忌,10
松田阵平,55247,793,BV1L82yBeEwd,属于警五的专属匆匆那年,184,2,0,13,3546559260134180,会长预备役小杨,10
松田阵平,55247,793,BV1GT2rBXEqG,致敬！黑暗中的前行者 — 警校五人组‌‌！,369,15,3,42,493837517,新兰永恒68,10
松田阵平,55247,793,BV1zgmcBHEwZ,不沉浸式清理柄图+宣无盈利团,97,0,0,63,3494358087109146,一起去吃沙琪玛吧,10
松田阵平,55247,793,BV1PB2fBsEq9,诸伏景光杀青日,257,2,0,30,3546559260134180,会长预备役小杨,10
松田阵平,55247,793,BV1UK2ZB4E89,名侦探柯南最新漫画1154话《温泉与戒指》剧情分享，千速与重悟新的火花，千速与阵平的小故事，四名女子喜欢同一名男子会发生什么...,453,1,0,182,355294965,距离厘米远,10
松田阵平,55247,793,BV1RD2oBqEy5,【警校组声真似】当马自达中之人画hagi时①,779,0,1,2100,124048011,肖恩不吃梨i,10
松田阵平,55247,793,BV17FSTBgE4j,[警校组]谷子接力（个人向）,1201,7,2,56,478348,vatn同学提不起劲,10
松田阵平,55247,793,BV1fCyHBBEac,若我突然死亡，请你不要悲伤，就当我没有归途去流浪,501,2,0,82,3494358087109146,一起去吃沙琪玛吧,10
松田阵平,55247,793,BV1nR2QB8ENh,松田阵平：喵喵喵,2137,13,0,12,3546812189247796,永远爱犬薇新兰小系统,10
松田阵平,55247,793,BV1Ho2HB2ERZ,unboxing^｜名柯极光拍立得,557,9,0,106,22964484,是酷酷啊_,11
松田阵平,55247,793,BV18i2JBpEXu,柯南2026剧场版预告被骂“恋丑癖”！松田阵平没卷毛+颜值崩塌，被批 “从白月光变芒果”！,29949,94,360,84,23605370,抹茶挖一挖,11
松田阵平,55247,793,BV18Y2JBsERe,青山刚昌原画柯南拼接封面！《周刊少年Sunday》2026第一与第二号的拼接封面现已完整公布。松田阵平、萩原研二、横沟重悟、萩原千速、毛利兰、毛利小五郎、柯南,1000,0,0,11,3461575971179332,柯学馆,11
松田阵平,55247,793,BV11F27BuExS,【萩松】>∧<,296,0,0,17,1578771556,礼濑真宵-Official,11
松田阵平,55247,793,BV1SM25BTESJ,名侦探柯南M29《高速公路的堕天使》最新预告逐帧解析，你更喜欢调皮的阵平还是冷酷的阵平？,1670,10,33,160,355294965,距离厘米远,11
松田阵平,55247,793,BV1yx2aBmEZc,拍谷展示｜香水谷可以这么拍,572,2,0,48,8348517,Yoong_碳酸水,11
松田阵平,55247,793,BV1kL2YB5Eh8,【2026.4.10/青山刚昌/剧场版/中字】名侦探柯南M29剧场版 高速公路的堕天使 特报PV,272,1,0,31,499117198,_一鸣惊人-,11
松田阵平,55247,793,BV1EH2YBgELb,[中字]报道—柯南M29「高速公路的坠天使」30s预告,5457,10,1,142,702964214,少卿大理寺,11
松田阵平,55247,793,BV11K2YBnE29,柯南2026年剧场版M29《名侦探柯南：高速公路的堕天使》30喵预告、视觉图、故事介绍公开,577,0,0,34,3461575971179332,柯学馆,11
松田阵平,55247,793,BV1J32bBhEwV,《名侦探柯南》M29剧场版《高速公路的堕天使》30s预告,195,0,0,38,1144452137,麦卡伦-威士忌,11
松田阵平,55247,793,BV1Vw2tBUERH,你好请支持M29,583,6,0,16,7925977,火鸡面面子-,11
松田阵平,55247,793,BV1w124B8Eck,【4K/中字】柯南M29剧场版《高速公路的堕天使》30s先导预告公开！萩原千速与松田阵平齐登场！2026新剧场版！,2915,5,0,34,45053576,QG柯南,11
松田阵平,55247,793,BV1sJ2tBTEsF,名侦探柯南m29高速公路的堕天使30秒预告,824,2,0,31,372246526,凌空之宇,11
松田阵平,55247,793,BV1z82tBbE7F,柯南M29《高速公路的堕天使》剧情简介：风之女神VS黑色堕天使,392,0,0,51,16219537,絶対女王,11
松田阵平,55247,793,BV1gM2tByENx,柯南M29 高速公路的堕天使 30秒预告,442,5,0,44,11972834,Mai_way,11
松田阵平,55247,793,BV1172tBqEtN,【中字】柯南M29「高速公路的坠天使」30s预告公布！！！,3696,64,2,31,702964214,少卿大理寺,11
松田阵平,55247,793,BV1mj2tBMEzb,柯南M29剧场版首支预告片公开！30秒特报,3008,17,1,30,1344754054,新兰咖喱酱,11
松田阵平,55247,793,BV1pF24BcE9j,柯南漫画1154——《戒指和温泉》新篇开幕！戒指引发往日回忆竟于案件交相呼应！,405,4,0,67,1144452137,麦卡伦-威士忌,11
松田阵平,55247,793,BV1HkSeBxEFu,名柯漫画1154《戒指和温泉》M29预热篇章！萩原千速回忆和松田阵平！,1204,10,5,221,3537118800382343,阿尔法A黑兵,11
松田阵平,55247,793,BV1AUS4BuEEg,松田对千速告白：如果我赢了戒指，你就是我的新娘,7294,23,0,12,1344754054,新兰咖喱酱,11
松田阵平,55247,793,BV1qZS4BwESm,后面有个彩蛋（狗头）,355,1,0,18,22068705,心云台,12
松田阵平,55247,793,BV1wvSrB5EWs,柯南剧场版新情报公开:松田阵平复活！,92241,581,93,80,498482949,命运很幽默,12
松田阵平,55247,793,BV19aSkBNE6D,名侦探柯南剧场版m29《高速公路的堕天使》部分内容发布,430,0,0,40,1144452137,麦卡伦-威士忌,12
松田阵平,55247,793,BV1ibSkBTEMY,【松田阵平参加红牛极限挑战】,708,16,0,15,493456931,反派厨降临,12
松田阵平,55247,793,BV1HjSkBjEZb,《名侦探柯南》M29剧场版名字公布，你猜对了吗？,2510,11,8,82,451766926,阿杰说漫,12
松田阵平,55247,793,BV19mSzB4EJw,你是我唯一的救赎,921,6,0,12,2048406916,松田志平,12
松田阵平,55247,793,BV1bLSqBrEcb,别回头 别停留 往前走,996,2,0,12,1445958261,山花海路,12
松田阵平,55247,793,BV1VPSNBfEYe,漫画1154图透 柯南和小兰去泡温泉 戒指让千速想起以前和弟弟跟松田玩游戏,1275,4,0,32,16219537,絶対女王,12
松田阵平,55247,793,BV1LUUZB1EZ8,松田阵平比个耶,267,0,0,22,22068705,心云台,12
松田阵平,55247,793,BV1yhSnBxEtd,柯南明年剧场版名字确定《名侦探柯南：高速公路的堕天使》并公布青山刚昌手绘海报,675,1,0,13,3461575971179332,柯学馆,12
松田阵平,55247,793,BV18wSJB4Ewb,柯南M29《高速公路的堕天使》开场白，我是新能源车主工藤新一,11556,36,12,290,13320065,超联先辈,12
松田阵平,55247,793,BV1VMSjBdEwu,“白月光”,193,3,0,14,1622748994,柯基怪探,12
松田阵平,55247,793,BV1XQSTBeEfY,公开处刑【27】论柯学拯救兄弟的可行性｜作者:是不是写得太平淡了？编辑:有没有注意到你缺乏现在进行时？,1428,4,3,532,195413469,伊谢尔伦的风iserlohn,12
松田阵平,55247,793,BV1nSU8B3EGF,花衬衫三人组,1865,3,0,16,2048406916,松田志平,12
松田阵平,55247,793,BV1ELUaBVEHD,松田阵平,138,0,0,10,22068705,心云台,12
松田阵平,55247,793,BV13FUSB7Edq,松田阵平回归柯南M29！时隔4年意难平再登场，明年剧场版必须蹲！,1263,8,0,33,3461575971179332,柯学馆,12
松田阵平,55247,793,BV14CUCBXEho,青山刚昌公开柯南M29主要角色第11人:松田阵平！,2105,18,0,18,1344754054,新兰咖喱酱,12
松田阵平,55247,793,BV1KCU3BYETm,我：你灰原衰嘴松田和高木两个好警察，它是好人？擦：毛利兰是安产型的,715,23,0,97,3546734275857016,打擦斗士孙悟空,12
松田阵平,55247,793,BV1AyUTBjEv6,好不容易遇到麦和柯南手表第二弹，新端！但是！又不是基德大隐藏！抽到了小隐藏松田阵平。基德大人我要什么时候才能遇到你！,1968,7,0,101,201615497,Rushi_CC,12
松田阵平,55247,793,BV123UPB3EBz,预告：本人将于11月29日发布柯南M29开场白视频，敬请期待！,2449,6,2,25,13320065,超联先辈,12
松田阵平,55247,793,BV1jbUsBnE9n,【名侦探柯南】盘上的连锁 松田阵平语音,956,8,0,372,835876,苍白妄想,13
松田阵平,55247,793,BV1KAyTB6EJC,[松田阵平]松田阵平生日快乐呀,1203,25,0,16,3546812189247796,永远爱犬薇新兰小系统,13
松田阵平,55247,793,BV1DqCZBsEH4,【AI翻唱 松田阵平】1000年生きてる （存活千年）,58,3,0,191,1468460624,靜かな春,13
松田阵平,55247,793,BV1rkyHBuEJb,#服部平次 #工藤新一 #松田阵平,45,0,0,22,3546942365764474,miffy啊,13
松田阵平,55247,793,BV158ynBbECG,【警校组/零中心】曙光啊，请别再哭泣,2227,22,3,218,10237730,uni_三十七号元素,13
松田阵平,55247,793,BV13iynBxEzt,他慵懒地陷在沙发里，衬衫随意敞开，领带被扯松。卸下了制服带来的距离感，却卸不下眼神里的桀骜与审视。那团红色的背景，是他燃烧的生命，也是我无法平息的意难平。,554,2,0,48,3546820236019744,画个1画个0,13
松田阵平,55247,793,BV12LyLBYEiK,【松萩CP/CB】爆处组的PushMe,1114,3,0,106,8035617,恒我望舒,13
松田阵平,55247,793,BV1ckyGBEEuN,如果那场摩天轮没有爆炸，他是不是还能这样嚣张地靠在车边画松田的时、总会不自觉地给他加上墨镜和警车，明明是想画他帅气的一面，画完心里却还是空落落的,1048,20,0,41,3546820236019744,画个1画个0,13
松田阵平,55247,793,BV1V9ygBAEbv,高木，你真是沾上松田的光了，终于来了次高光,1361,5,0,63,3546638719125547,未来look现在,13
松田阵平,55247,793,BV1HqCBB9ErQ,【警五】绝命毒师后续,718,12,0,21,89809236,下个世界副本见,13
松田阵平,55247,793,BV1SFCqBFERT,【名侦探柯南/寻常歌】“我们再也回不到那「寻常」的过去”,2402,11,0,252,224761728,叶清哎呀呀,13
松田阵平,55247,793,BV1kGCvBVEV6,松田阵平｜痞帅西装杀，请查收。“一首歌，一个动作，带你进入松田阵平的成年人魅力时间”,726,12,0,46,3546820236019744,画个1画个0,13
松田阵平,55247,793,BV1REChBXEUS,松田阵平的口红LOVE,390,4,0,10,22068705,心云台,13
松田阵平,55247,793,BV1G2CRBQEXu,松田阵平,73,0,0,6,3546637465028609,鼬神重度依赖,13
松田阵平,55247,793,BV1LzCXBUE3J,【M29高速公路的堕天使】拉片警校五人组，彩蛋全解析,16569,27,238,4535,3546607517698761,BUJUAN不卷就不卷,13
松田阵平,55247,793,BV1m4CSBFE1Q,［稿子］松田阵平,359,12,0,65,1173245308,Ye_Mmm,13
松田阵平,55247,793,BV1bkC2BpEi4,【警校组】警察厅领导降谷零将于今日莅临他忠实的警视厅,5893,20,36,217,179987980,Alpacava,13
松田阵平,55247,793,BV1FXCkBFE5Y,爆处组｜溯着时间,227,0,0,81,121246305,墨岚城,13
松田阵平,55247,793,BV1itC5BkE31,［稿子］松田阵平,225,6,0,44,1173245308,Ye_Mmm,13
松田阵平,55247,793,BV1bSCTB5EV8,松田阵平之公嬷接龙第三弹纯享版,68,4,0,23,12758427,嗜血恶魔喵喵X,13
松田阵平,55247,793,BV1anCbBCE8P,松田输不起了,885,4,0,59,3546743207627041,章鱼烧u酱,14
松田阵平,55247,793,BV14jCnB5Eqp,一秒惊艳的白月光这一集死了两个,921,3,0,38,1886874047,卷毛小泡面a_b_c,14
松田阵平,55247,793,BV1rJkkBZE6U,一看就会画的正脸人物——松田阵平,868,3,1,86,1836377572,单手撕包菜,14
松田阵平,55247,793,BV1n7k6BHE8X,【警校组】不管谁都行请给我复活吧,156,0,0,64,1811057,宇智波墨笙,14
松田阵平,55247,793,BV1RmCFBaEx6,绝对不刀,823,4,0,16,3546614199224484,bili_44727950331,14
松田阵平,55247,793,BV1qJCcB6EXB,警视厅爆处组那对幼驯染,468,6,0,8,1498796127,某只鬼鬼祟祟的海豹,14
松田阵平,55247,793,BV18jCwBaEsj,【警五】绝命毒师,1033,4,0,18,89809236,下个世界副本见,14
松田阵平,55247,793,BV1GXkDBMEx4,萩松的CHOICE,530,5,0,39,1847193717,跳下去啦,14
松田阵平,55247,793,BV1aSkUBaENJ,『警校五人组』“5-4＝0”五片樱花绽于警校，四瓣随风而逝，独留降谷零带着五人的信念，在黑暗中独行，把正义焊进生命的底色。,694,4,1,20,3546878123706717,浮云而别,14
松田阵平,55247,793,BV19o1DBLEuj,【Ai松田阵平翻唱】愛属性,457,1,0,178,571682556,火因巸灬,14
松田阵平,55247,793,BV1Dk1QByEVp,【松田阵平cos】杀青快乐，松田警官,354,4,0,18,106800044,_joyyy,14
松田阵平,55247,793,BV16P1XB8EBJ,【名柯|爆处组】废稿一则,174,0,0,41,3546843822688835,月下小景0423,14
松田阵平,55247,793,BV1Dr1SBqE3U,🧣第26年深秋｜如果感到幸福就眨眨眼（今天才从学校归来没赶上1107 TT）,482,4,0,16,3461562899630678,Tomato拌糖,14
松田阵平,55247,793,BV16d1mBJEtH,【松萩CP/CB】有再重逢吗？/三合一,647,0,0,154,8035617,恒我望舒,14
松田阵平,55247,793,BV1fn1mBVENv,【萩松/MMD】“那火辣辣的两人到底是……？”《III》,1437,7,0,186,1578771556,礼濑真宵-Official,14
松田阵平,55247,793,BV1ab11BFEJQ,11.07爆处组cb向手书【Tek it】,518,13,0,165,1441697029,镶钻炸弹,14
松田阵平,55247,793,BV1gY11BtE3u,松田咪咪想请你吃刀子,585,3,0,32,1728713,老年人铃铛,14
松田阵平,55247,793,BV1x611BQErX,1107【萩松.熄灭】他们本该光耀一生，却在年轻的那年消失在烟火之中。,425,3,0,24,3546743207627041,章鱼烧u酱,14
松田阵平,55247,793,BV14611BQEqS,于是你和我。/萩松,318,1,0,43,76916479,萩原研二子,14
松田阵平,55247,793,BV1bq11B9ENr,【1107萩松日】匆匆那年,209,1,0,86,88091380,_Arete,14
松田阵平,55247,793,BV1bZ2uBtEYz,「1107/萩松」,214,4,2,46,1946535145,诉此雨落,15
松田阵平,55247,793,BV1Ya2gBNEVU,【萩松】1107重逢之日,1651,21,0,13,1498796127,某只鬼鬼祟祟的海豹,15
松田阵平,55247,793,BV16Z2gBjEG4,【嗵嗵/爆处双子星/松田阵平/萩原研二】“掠过尘与灰”,2528,5,0,214,11941312,风去千里,15
松田阵平,55247,793,BV1kX2gBSEBg,【萩松】see you again,1034,7,0,24,4870121,伊佐那麻里-Evan,15
松田阵平,55247,793,BV1Wh23B9Ehm,【1107/萩松】可是我遗憾啊内疚啊,12446,11,0,25,1264514029,焰火耶比,15
松田阵平,55247,793,BV19V23BKEhi,[萩松]关于拯救幼驯染的代价是暂时变成幼崽这件事,1224,11,0,20,7871399,如何速通人生游戏,15
松田阵平,55247,793,BV1vg23BuEra,萩原松田忌日，柯南剧场版官方开启M29预热,1619,4,0,15,1344754054,新兰咖喱酱,15
松田阵平,55247,793,BV18J23BwE7S,「萩松1107纪念」,357,7,0,89,662602314,风衍fy,15
松田阵平,55247,793,BV1SJ23BwER8,【松田阵平 | 个人向 | 台词向】Eutopia ||“他像深秋里的一股寒风”,26577,27,2,262,1346879430,Amuro清寒,15
松田阵平,55247,793,BV13Y2MBdEYx,“hagi，这次我们在也不会分开了。”———✨1107✨✨萩松重逢日快乐，Happy DeathDay！🎡———松田：原po研二：扶楹,470,6,0,19,3546916348496376,忧郁的碳酸饮料,15
松田阵平,55247,793,BV1pY2uByETo,7年前与3年前，有两位勇敢的警察因公殉职。,16565,108,7,56,3546874713737786,名侦探柯南中国官方,15
松田阵平,55247,793,BV1Cs2TBGEsz,怎么剩我迟迟难释怀-1107重逢日快乐,914,9,0,13,343998305,万家灯火安,15
松田阵平,55247,793,BV17e2NBtEpr,［1107｜萩松］我想要占据你,19666,62,23,57,247880786,第一乐章休止符,15
松田阵平,55247,793,BV1UL2TBEE41,松田阵平，杀青啦。,400,6,3,10,7925977,火鸡面面子-,15
松田阵平,55247,793,BV1Ha2TBqEwz,亡夫回忆录,94,0,0,26,1111464492,是栖琼呐,15
松田阵平,55247,793,BV1aw2NBJEd2,如果悲剧没有降临……,623,3,0,19,2048406916,松田志平,15
松田阵平,55247,793,BV1S82PB3E7g,【未完成手书】君は一生私を忘れない,264,3,0,55,27656975,正宗清蒸团叽,15
松田阵平,55247,793,BV1Uh2PB6ESx,是重逢,81,0,0,15,2093082084,咔咔的帽子ovo,15
松田阵平,55247,793,BV15E2PBSESH,「1107」萩松殉职日安康,21,0,0,19,3546704982837857,威风菜花,15
松田阵平,55247,793,BV1jd2PBsEtu,"「迟到四年的再见」 松田阵平X萩原研二 【11.7】纪念 ""若是喜悦便代表夏日的来临 便能在微风的轻拂中感受到痛楚""",680,4,0,202,33977365,君叶红枫,15
松田阵平,55247,793,BV1P62PBvEFQ,11.7 祝松田阵平和萩原研二忌日安康,449,3,0,484,477607763,四月拾柒山雨霁,16
松田阵平,55247,793,BV1F91eB5Epo,愿思念像风，随你而动，让时间都停摆,254,3,0,51,3494358087109146,一起去吃沙琪玛吧,16
松田阵平,55247,793,BV1wk2PBPER5,【警五】1107,330,10,0,15,89809236,下个世界副本见,16
松田阵平,55247,793,BV1iLyvBNEhh,【名侦探柯南手书】爆处组的中继输出者,1897,17,2,195,835876,苍白妄想,16
松田阵平,55247,793,BV1FkyyBBE6u,【1107｜萩松】死 别,1006,11,2,70,341467209,我走了哦,16
松田阵平,55247,793,BV19R2wBjEfe,【萩松】在那些和你错开的时间里,761,5,0,19,1498796127,某只鬼鬼祟祟的海豹,16
松田阵平,55247,793,BV1rw18BYEc5,柯南历史前三精彩案件！！永远的意难平！故事节奏和人物塑造的顶峰！,279543,549,1527,2425,4370617,哀是麦子的球迷,16
松田阵平,55247,793,BV16118BAENx,如果那天，他从摩天轮上下来了,118,0,0,9,22068705,心云台,16
松田阵平,55247,793,BV1B218BaE8Z,如果那天，他从摩天轮上下来了,77,0,0,9,22068705,心云台,16
松田阵平,55247,793,BV1wB1tBcEwt,【虚构史】超人气偶像阵平酱首台出演剧场版名侦探饰松田阵平警官将于11月7日上映敬请期待!,694,10,0,61,10237730,uni_三十七号元素,16
松田阵平,55247,793,BV1W81xBZEum,“你走过的地方只剩下思念难捱”,1791,18,0,19,1498796127,某只鬼鬼祟祟的海豹,16
松田阵平,55247,793,BV1pB1EBuETn,【萩松】曾经我们拥有彼此，拥有一切,1374,9,0,16,1498796127,某只鬼鬼祟祟的海豹,16
松田阵平,55247,793,BV1mb1rBCELs,当《名侦探柯南》（高颜值男性一）第一梯队走进现实第十四期,12390,29,21,19,365359200,五螞蟻potato,16
松田阵平,55247,793,BV12v1rBzEpc,R7.你们猜兔子大人拆柯南铅笔盲盒拆出哪个角色？你们最想要的角色是哪个呢？,111,1,0,43,11836551,瞬为杂货铺,16
松田阵平,55247,793,BV1ay1kBpEWV,松田阵平都去过哪里，留下了什么痕迹？,335,0,0,14,22068705,心云台,16
松田阵平,55247,793,BV1k21aBgEzk,“妈妈说生活苦的时候应该来点甜的”,7123,7,0,70,3546618620021533,别茉_寄勒,16
松田阵平,55247,793,BV1t9yfB4ERM,爆处组｜万圣节条子日记,679,4,1,10,7925977,火鸡面面子-,16
松田阵平,55247,793,BV1fG1FBVEoa,【MMD柯南/警校组】Blender,1184,7,1,142,1578771556,礼濑真宵-Official,16
松田阵平,55247,793,BV12i1FBoEsJ,最喜欢看他们并肩战斗了 零零可以当世界跳高冠军了,12708,3,2,171,36122618,青璃mint,16
松田阵平,55247,793,BV1WfyoBLEUQ,马自达：平时好好多照照镜子 研二：当个事办,398,2,0,13,3546916348496376,忧郁的碳酸饮料,16
松田阵平,55247,793,BV1fgyvBBE34,柯南TCG 最多點讚的卡面是哪張？第一名大幅度拋離,542,3,0,116,1678539587,遠山銀司郎,17
松田阵平,55247,793,BV1efyZBPEz1,制作一个松田阵平,341,1,0,12,22068705,心云台,17
松田阵平,55247,793,BV1co1LB8Eva,今天全场最佳哈哈哈哈,289,1,0,13,36122618,青璃mint,17
松田阵平,55247,793,BV15q1MBFEGE,假如名柯画风倒退20年？！,55040,33,60,48,2081406336,胖熊手绘,17
松田阵平,55247,793,BV1ou1TBbEBn,可我不习惯没有带着你的打火机。,1470,9,0,13,343998305,万家灯火安,17
松田阵平,55247,793,BV1mnyhBLEUM,【名侦】又是一年冬 别来无恙 最好的五人组,7454,15,5,29,3546630997412341,美女需要解释吗,17
松田阵平,55247,793,BV1qNsDzEEVA,29岁无所不能的安室透,1119,2,1,37,3546952524368329,黑泽琳,17
松田阵平,55247,793,BV1TZs2z4EHu,108警五11城cafe重庆场volg（划掉）物料开箱,775,4,0,85,8348517,Yoong_碳酸水,17
松田阵平,55247,793,BV1prxPzwEBQ,警校五人组的默契瞬间,53920,4,101,62,57412983,一只白珞,17
松田阵平,55247,793,BV1DXsZzbE1v,不能让研二和阵平落下任何一个梗！,64,0,0,10,1354752298,爱吃柚子茶的猪,17
松田阵平,55247,793,BV1LwsZzeEEb,【降谷零中心手书/张宇宙】明明好像感觉拥有一切……,682,7,0,25,1949301980,為我而哭好嗎,17
松田阵平,55247,793,BV1s6sozUEjW,【绘画记录】警五Trick or treat,1888,22,0,75,1728713,老年人铃铛,17
松田阵平,55247,793,BV1uUs9z2EX3,才发现已经好久没吃日谷了！,358,0,0,62,291990358,包包仔007,17
松田阵平,55247,793,BV1SgsGzhE2G,【警校组】时雨|不要被命运找到,1799,14,1,138,8035617,恒我望舒,17
松田阵平,55247,793,BV1rnshziEcF,这是松田阵平,89,4,0,8,343998305,万家灯火安,17
松田阵平,55247,793,BV15DWyz8EGe,警五诸伏景光萩原研二松田阵平安室透努努出世！柯南努努们来收藏啦！,118,0,0,21,76830146,Alicnce,17
松田阵平,55247,793,BV198sPz1ENR,【零×阵平】相爱相杀可爱鼠了哈哈哈,112,0,0,24,170377289,A-cacia,17
松田阵平,55247,793,BV1EDsFz1E2d,奇洛李维斯回信之条子打牌 看在我搞到凌晨5:00的份上都给我点个赞吧，拜托拜托,560,0,0,29,8348517,Yoong_碳酸水,17
松田阵平,55247,793,BV1kpW4zRED4,追妻火葬场（？）但爆处组,1316,7,0,23,7871399,如何速通人生游戏,17
松田阵平,55247,793,BV1AvWvzSEfL,【纯享 无BGM版】松田阵平给你念四级听力原文,1699,6,0,107,3546630997412341,美女需要解释吗,17
松田阵平,55247,793,BV1WeWyz3Ep1,〖警五〗星星藏进黑夜,146,0,0,72,1928797561,光明金鸽,18
松田阵平,55247,793,BV1CkWzz8EXS,开炸,178,4,0,11,568203,阿瓦达啃尼玛,18
松田阵平,55247,793,BV1S7WYzpEeB,“早逝的白月光？。”,159,3,0,24,3546657098566631,戏散场,18
松田阵平,55247,793,BV1fJ4tz4EGk,快乐吃谷，柯南手表盲盒第二弹，线下抽盒成功！,664,2,1,109,6868390,墨染无忧,18
松田阵平,55247,793,BV1CD4tzKELo,用一首歌形容《名侦探柯南》里的角色3.0,4877,27,14,178,1445958261,山花海路,18
松田阵平,55247,793,BV1JL4DzbEaJ,被迷得五迷三道…【松田陣平(ver.水無月リカ)】,782,6,0,34,285585205,酷哇特萝大尉,18
松田阵平,55247,793,BV15L4yzNEnE,保持富态 四六级听这个会不会太奢侈了,1453,3,0,107,3546630997412341,美女需要解释吗,18
松田阵平,55247,793,BV1ox4uz6Er9,小小的老子脾气爆,5573,19,1,11,1264514029,焰火耶比,18
松田阵平,55247,793,BV1ib4uzBEpR,现在都还有人觉得萩原是演的,235,5,0,12,3546743207627041,章鱼烧u酱,18
松田阵平,55247,793,BV1iV4gzBEFE,【警校五人组】搞笑名场面2 猫猫捣乱篇,28292,3,106,94,57412983,一只白珞,18
松田阵平,55247,793,BV16A4gzLEoy,萩松《ringring》,290,0,0,33,3493095490456340,白宫上闪闪发光的红旗,18
松田阵平,55247,793,BV1oT4gzkEo7,【萩松/生死相随】爱意深锁城外，苦等伊人归,3279,5,0,54,1346879430,Amuro清寒,18
松田阵平,55247,793,BV1jN4MzKELe,骗你的，其实我们看不见松田哭,308,2,1,43,3546743207627041,章鱼烧u酱,18
松田阵平,55247,793,BV18BxvzeEyP,开箱｜跳动的是闪光灯还是炸弹的倒计时,589,3,0,21,8348517,Yoong_碳酸水,18
松田阵平,55247,793,BV1i94WzmEZv,【摸鱼】松甜甜×2,130,4,0,15,89809236,下个世界副本见,18
松田阵平,55247,793,BV1NX4nzQEBk,【名侦探柯南/高燃群像】白与黑的宿命轮舞｜当他们“聚”在一起，会碰撞出……,266,1,0,34,3546960774564419,茵丝坦斯,18
松田阵平,55247,793,BV1Na4Jz7E3V,“抱歉了萩原…看样子我无法实现我们的承诺了”,561,4,0,22,3546916348496376,忧郁的碳酸饮料,18
松田阵平,55247,793,BV1t9xrzmEi5,(ᐥᐜᐥ)♡︎ᐝ,320,1,0,13,2048406916,松田志平,18
松田阵平,55247,793,BV1aexvzTEoy,开箱｜回忆是一条走不尽的路,558,3,0,39,8348517,Yoong_碳酸水,18
松田阵平,55247,793,BV17yxezrEj1,已经失去了的你/萩松,1890,4,0,37,76916479,萩原研二子,18
松田阵平,55247,793,BV1mix9zmEm3,【名柯/萩松】走吧。,803,3,0,16,38959449,御江辰,19
松田阵平,55247,793,BV1jaxjzdEUq,【AI翻唱 松田阵平】モニタリング(Best Friend Remix)（誓见）,109,1,0,178,1468460624,靜かな春,19
松田阵平,55247,793,BV1QwxjzjEj1,“来得鲜艳，走得热烈”,152,2,0,145,1239201326,辰埃sky,19
松田阵平,55247,793,BV1QqxxzVEXY,【名侦探柯南】画风发展史(四)——富永真理篇,1359,27,9,977,1001330090,Keiko_Sasaki,19
松田阵平,55247,793,BV1kTxhzuEdK,【萩松】哎同学我想问一下,1191,9,2,18,26493894,子夜三更雪,19
松田阵平,55247,793,BV1LRx4zDE4F,【点播：名侦探柯南TV版reaction】E326-329 | 路人第一次看！啊啊啊松田！我的意难平又加一！这不就是白月光！,10302,25,20,5751,3546694922799758,就要奶茶脑袋,19
松田阵平,55247,793,BV1V9xszCERQ,【自用】三年前松田_港配台词集,142,2,0,194,285585205,酷哇特萝大尉,19
松田阵平,55247,793,BV1KDxxzvEVy,［警五］他说明明好像感觉拥有一切，却又随时感觉正在失去一切,260,1,0,25,3494362421922022,仝顾,19
松田阵平,55247,793,BV1hqxWziE8G,【警五】降松,119,2,0,12,89809236,下个世界副本见,19
松田阵平,55247,793,BV1EvxnzgE6w,【自用】K学松田_台配登场集,466,14,0,2114,285585205,酷哇特萝大尉,19
松田阵平,55247,793,BV1oiH5z6EBc,【松甜甜的谷子和微表情】,429,4,0,221,1176781988,睡不醒的狐莉,19
松田阵平,55247,793,BV1zKHVzGEmj,【萩松】/mama's boy,792,2,0,28,3546743207627041,章鱼烧u酱,19
松田阵平,55247,793,BV1uxH3zDEuW,爆处组的快问快答~,2176,8,1,77,571682556,火因巸灬,19
松田阵平,55247,793,BV1ExHGz6Eyr,跳了，兄弟们。,490,1,0,10,3546743207627041,章鱼烧u酱,19
松田阵平,55247,793,BV18bHPzvEKc,[警五向]我用什么来把你留住,8594,5,0,194,1222967327,月影掠惊竹,19
松田阵平,55247,793,BV1awHAzNE1V,警校五人组,501,2,0,51,3493119819516810,正在祈祷人类灭亡中y,19
松田阵平,55247,793,BV1nCHwz7EZz,松田阵平,105,1,0,13,3537120004147208,松田阵平I萩松I,19
松田阵平,55247,793,BV1d6HAzMEL2,这是警校五人的青春/警校组/微刀,69,3,4,52,3546789705681088,为花可怜,19
松田阵平,55247,793,BV1ULHtzaEww,【AI翻唱 松田阵平】ド屑（渣滓）,223,3,0,117,1468460624,靜かな春,19
松田阵平,55247,793,BV1M7HtzwEZ1,【松田中心向】女人通常把男人分为四类,273,3,0,24,3546737543220062,朦胧的彼岸花火,19
松田阵平,55247,793,BV1rrHpzuEnS,【警校五人组ll情字最大】少年意气，生死往同,1326,4,0,20,3546554120014133,浅川叶蝶,20
松田阵平,55247,793,BV1FWHWzrERo,［警五］我会牵着你手同进退,720,6,0,17,3494362421922022,仝顾,20
松田阵平,55247,793,BV1QYnozUEJW,用松田阵平的声音来说“爸爸也叫了”,1454,1,0,24,3546630997412341,美女需要解释吗,20
松田阵平,55247,793,BV14fHjzYE84,[推文 综漫]《松田 松田》,84,6,0,71,402926920,九尾小妖v,20
松田阵平,55247,793,BV1WTnCzFEq6,高木便装成松田阵平，结果却被佐藤抽了一嘴巴子。,6060,9,1,309,3546716569602299,柯南解影,20
松田阵平,55247,793,BV1sfn6zoETG,【警五】小降大松“hagi，我好像在拆弹现场捡到了金发混蛋的私生子……”,166,6,0,15,89809236,下个世界副本见,20
松田阵平,55247,793,BV1ZXnrzSEzK,松田阵平。,31,2,0,10,101665438,原是夜白,20
松田阵平,55247,793,BV1qMnqzNE4P,【警校组】传统的五子棋~~就是把五个字连成一条线,818,1,0,41,196807977,我就是个案板嘛,20
松田阵平,55247,793,BV12knozkEQ5,【松田阵平】你他爹拼命把我往外推,2164,5,0,26,3546630997412341,美女需要解释吗,20
松田阵平,55247,793,BV1jyndzpEbQ,帅还是真的帅的,275,2,0,38,24973857,牧云和尘埃,20
松田阵平,55247,793,BV1dWnozRE8z,【松田阵平】饭都做了，就这样走了？,1418,4,0,23,3546630997412341,美女需要解释吗,20
松田阵平,55247,793,BV19ZnjzgEFo,感觉听完视奸再重警校篇看就像……,1848,5,0,15,1221952435,羽洛STZP,20
松田阵平,55247,793,BV1VBnLzNEt4,风之女神萩原千速上线：她是萩原研二的妹妹，也是松田阵平的初恋,6240,13,3,236,3546716569602299,柯南解影,20
松田阵平,55247,793,BV1hvn3zDErA,【名侦探柯南/警校五人组】但我更想跟你们在一起啊,892,2,0,219,3493259626154567,GAROENIA,20
松田阵平,55247,793,BV1kQnpzBEwM,一起长大的约定,1878,15,1,12,4870121,伊佐那麻里-Evan,20
松田阵平,55247,793,BV11hJQzQENL,萩松向｜“选汽车还是选我？（握拳）”ꐦ≖ ≖,541,4,0,18,648974372,墨無無無無,20
松田阵平,55247,793,BV1uPnPzfEUH,展示一下我约的稿,13,1,0,22,3493095490456340,白宫上闪闪发光的红旗,20
松田阵平,55247,793,BV1qbnPzrE3U,点击就看警四弹力小人,1164,9,0,16,7871399,如何速通人生游戏,20
松田阵平,55247,793,BV19wJfzREdX,【警校组声真似 with白马/生肉】4位嘉宾客串角色！？全明星感谢祭~【名侦探柯南 声真似】,1657,4,23,6396,2158416,Murasame_Akari,20
松田阵平,55247,793,BV1qDWAzEEpL,［警校五人组］［灰原哀］我们会在另一个世界相遇＃禁ky,336,6,0,46,3546879795137344,死神-神明大人,20
松田阵平,55247,793,BV1cXpZzkEQP,【警五】日常群聊,1580,11,1,62,89809236,下个世界副本见,21
松田阵平,55247,793,BV1zLpdzFETe,『漫画分享』意难平的樱花五人组~《名侦探柯南警察学校篇》漫画开箱纪念！,187,1,0,1134,253531060,枫之晚亭,21
松田阵平,55247,793,BV1pCW5zXENs,柯南泡泡玛特冰箱贴｜每一个都萌萌嘟,3645,12,4,215,22964484,是酷酷啊_,21
松田阵平,55247,793,BV18AWVzwE1X,松田阵平把萩原千速的手机拆掉了被打一顿又装上了 萩原研二真是社牛呀,5139,7,1,89,36122618,青璃mint,21
松田阵平,55247,793,BV1d7WNzUEWH,【萩松】解独剤/手书,1148,10,1,46,76916479,萩原研二子,21
松田阵平,55247,793,BV1BfpvzuEbB,【警五】不会有人死的,320,2,0,12,89809236,下个世界副本见,21
松田阵平,55247,793,BV1nEptzWEgy,二十年前的白月光还有人记得吗？,696,5,0,15,3493122147355248,清空为澪,21
松田阵平,55247,793,BV18ipxzPEdS,用萩原研二声线来说“如果你讨厌我的脸..”,2605,7,0,49,3546630997412341,美女需要解释吗,21
松田阵平,55247,793,BV1iKpBzGEQx,《名侦探柯南》剧场版M29标题猜想与部分登场角色公布,1444,9,0,34,1144452137,麦卡伦-威士忌,21
松田阵平,55247,793,BV164puzKEg3,牺牲前三秒的告白最为诛心.,379,0,0,26,3493122147355248,清空为澪,21
松田阵平,55247,793,BV1F4puzKEVA,【萩松】爱的魔力转圈圈,591,6,0,31,89809236,下个世界副本见,21
松田阵平,55247,793,BV1wfpNzZErF,松田阵平：我还从来没有被人用枪指过呢？,941,2,0,16,3461582895975095,柯神JimmyKudo,21
松田阵平,55247,793,BV1L6pFzvEZG,萩松(๑•̀ㅁ•́ฅ),364,9,0,14,57454688,杍日月,21
松田阵平,55247,793,BV1djHozWEnT,年轮.,15,1,0,12,3546958182484867,tener苏皖妤,21
松田阵平,55247,793,BV1DMppzREVz,【萩松】捡手机文学,321,12,0,59,89809236,下个世界副本见,21
松田阵平,55247,793,BV15dp7zEE37,松田:我命由我不由天(‡▼益▼),833,5,0,10,346997330,炫目蘑菇,21
松田阵平,55247,793,BV1QwpEzVEZt,开学新人设,11,0,0,21,3546613022722757,呆瓜Yrainy,21
松田阵平,55247,793,BV17wpLz2EGs,【警察五人组】“世界之大为何我们相遇  难道是缘分  难道是天意”,151,0,0,215,2069249304,澄汐想吃饭,21
松田阵平,55247,793,BV1UwpjzvEqf,萩原研二（八卦脸）：班长，你该不会是喜欢降谷吧,26359,5,4,68,36122618,青璃mint,21
松田阵平,55247,793,BV1C3pjzbEds,警校四人证件照,791,8,0,17,651194814,扁鱼の,21
松田阵平,55247,793,BV1YnHizcEyS,松田阵平又是多少人的意难平啊……,638,2,0,20,3494370152024142,火蒡,22
松田阵平,55247,793,BV1xvH1zkEKN,“当朋友问我搞警五一年都干了什么”,1327,12,0,21,7925977,火鸡面面子-,22
松田阵平,55247,793,BV1EiaZzdETx,时光的岸上人来了又走，离开时你不用说我都懂,769,3,0,49,1445958261,山花海路,22
松田阵平,55247,793,BV1xBaoziEGa,【菜就多画】画个名柯中的意难平---松田阵平，致歉香烟画得跟个火柴棍一样#手绘 #名侦探柯南 #绘画 #柯南 #松田阵平,222,2,0,23,359391117,玻琉866,22
松田阵平,55247,793,BV1B8YjzkEiR,高木真的很像阵平！！,64,0,0,10,3546970383715172,黄发三角羽织少年,22
松田阵平,55247,793,BV1hzY5zZE6G,萩松｜如何快速熄灭幼驯染的怒火,2617,13,119,14,123760068,小雁子哒哒,22
松田阵平,55247,793,BV1VuYVz8Emd,【_归江-】最新视频来袭，快来看看吧！,4,0,0,7,3546580365871825,嗆-,22
松田阵平,55247,793,BV1LCY3zbEss,【警五】松田,492,8,0,14,89809236,下个世界副本见,22
松田阵平,55247,793,BV1RyY3zoEok,马自达自达,214,5,0,16,3493271709943906,枢联,22
松田阵平,55247,793,BV1exYGzfE6P,自制警五无料,363,11,2,42,351970517,来点波本吗,22
松田阵平,55247,793,BV1cMYMzdEvS,警四的快问快答~,4421,14,5,66,571682556,火因巸灬,22
松田阵平,55247,793,BV1g8YMzrEY8,看来我没办法实承诺了,76,2,0,12,3546960906684493,大丘听雨,22
松田阵平,55247,793,BV179YKzjEWU,【AI翻唱 | 松田阵平】真夜中のドア/Stay With Me,896,9,0,275,252534164,年轻要趁早,22
松田阵平,55247,793,BV1KLYTzwE2J,这期是我定制的松田阵平状元pa,225,15,0,9,7925977,火鸡面面子-,22
松田阵平,55247,793,BV17ya8z2EbD,【萩松】节日快乐^ ^,431,1,0,15,341467209,我走了哦,22
松田阵平,55247,793,BV1RvahzrE5m,【警校四人组手书】你们真的是不要这个b脸了,393,4,0,22,1797623268,桜花sakura,22
松田阵平,55247,793,BV1ukabzFE3J,这种事情还是交给专家吧,561,5,0,35,3494370894416263,布谷不吃香菇,22
松田阵平,55247,793,BV1eGa8zBEhY,警校五人组小剧场｜当新一集名柯更新了,4098,13,0,43,7925977,火鸡面面子-,22
松田阵平,55247,793,BV19ba4zFEmA,【警校组/催泪】樱花飘落的方向，是我们相遇的起点｜致警校五人组的青春,35950,18,4,316,45053576,QG柯南,22
松田阵平,55247,793,BV1JJaQzVEyw,【警五】心碎男团,345,16,1,96,89809236,下个世界副本见,22
松田阵平,55247,793,BV1VGaDzFEi4,松田阵平女仆但大冒险输了被同期围观版,457,7,0,12,7925977,火鸡面面子-,23
松田阵平,55247,793,BV1ZFaDzTEtT,不知道取什么标题,842,6,0,10,2048406916,松田志平,23
松田阵平,55247,793,BV1VjauzLEqC,警校组丨来化妆吧小诸伏！,7796,31,5,34,33547356,江河行地-,23
松田阵平,55247,793,BV1nXaPzLEeQ,（Cos/萩松/爆处组/名柯）“不过一簇花 逃不过四季碾压”,755,4,0,15,33504517,虾籽阳春面,23
松田阵平,55247,793,BV1EtaHzxEwi,四人共度的最后一天,972,0,0,10,3546931307481215,池子里没有鱼o,23
松田阵平,55247,793,BV1SHanz6EQk,【萩松萩】超度我|“我的执念 万千千千”,5212,6,0,32,24815328,-槐夏初七-,23
松田阵平,55247,793,BV1VDhkzMEYg,【降谷零 |“还不如我们从没有遇见”】,433,1,0,25,281672950,斟酒念诗文,23
松田阵平,55247,793,BV1gihCziEV8,《名侦探柯南》剧场版M29超特报发布！！！,958,5,2,45,1144452137,麦卡伦-威士忌,23
松田阵平,55247,793,BV1LphrzqEKi,柯南剧场版M29预告首曝！明年4月日本上映,2279,9,0,41,3494367153097554,柯南相关资料库,23
松田阵平,55247,793,BV1PihqzGEEj,【AI翻唱 松田阵平】回响虚空,102,1,0,175,1468460624,靜かな春,23
松田阵平,55247,793,BV1gEhYzMEKc,萩原研二教你如何追到幼驯染,1712,7,0,14,123760068,小雁子哒哒,23
松田阵平,55247,793,BV1eNh9zqEBj,开箱｜七夕开个萩松爆处制服诱惑（其实是努努哦,707,11,0,20,8348517,Yoong_碳酸水,23
松田阵平,55247,793,BV1W4h9zpETR,松田阵平刀子,43,1,0,10,499315538,bili_23832473434,23
松田阵平,55247,793,BV1C6hUzMEWK,挑战在警校五人组only展一天换三套衣服,1655,20,1,143,7925977,火鸡面面子-,23
松田阵平,55247,793,BV1vahmzRErp,【AI翻唱 松田阵平】像个白痴一样,122,6,0,261,1468460624,靜かな春,23
松田阵平,55247,793,BV1DdhyzrEqa,【松田阵平】用星野调了个松田阵平的声线,1195,8,0,43,3546630997412341,美女需要解释吗,23
松田阵平,55247,793,BV1aieXzMEXt,萩松｜我只是瞎了又不是傻了,1572,8,0,20,123760068,小雁子哒哒,23
松田阵平,55247,793,BV1iWeDzBE66,风之女神萩原千速上线：她是萩原研二的姐姐，也是松田阵平的初恋。她会不会是下一款爆款角色呢？,1279,4,3,236,3546716569602299,柯南解影,23
松田阵平,55247,793,BV1tYeUz9EeB,【警五】萩松,236,6,0,39,89809236,下个世界副本见,23
松田阵平,55247,793,BV1AHe1zvEtg,小阵平你不乘噢,2154,8,142,10,123760068,小雁子哒哒,23
松田阵平,55247,793,BV1sRvKzYEZp,【名侦探柯南/警校五人组】归零,589,0,0,26,3493259626154567,GAROENIA,24
松田阵平,55247,793,BV1rrvTzcEnL,【警五】“如果声音不记得，那我记得。”,2443,14,2,108,3493273096161914,心澜ShinichiRan,24
松田阵平,55247,793,BV1Y3vAzPEdP,【4K请不要带我走×警校组】“不要带我走，走到泪干涸”,3115,7,1,127,3461575753075654,褶皱的心跳,24
松田阵平,55247,793,BV1izvczMEUQ,【熟肉/警校组声真似 with白马】在天国逐渐破防的伊达班长www,1532,11,1,92,2158416,Murasame_Akari,24
松田阵平,55247,793,BV1F1edzfE1H,萩松 | 当你看到你朋友的理想型,791,10,0,8,99989269,白泽小皇帝11,24
松田阵平,55247,793,BV14Deoz5Ezb,《big and chunky》【萩松】,216,1,0,17,3546743207627041,章鱼烧u酱,24
松田阵平,55247,793,BV1Gfe9zGE2P,【景零萩松向 | 坠蝶“誓言食言，我很抱歉”】,1375,7,0,203,281672950,斟酒念诗文,24
松田阵平,55247,793,BV1U2eRzuEYp,松田阵平出场，才知道什么叫白月光的杀伤力,812,2,0,33,3546786637548263,爆梗小作精,24
松田阵平,55247,793,BV1qheRzJEAn,我们一般把男人分成这4种,2793,15,2,21,1567062582,白柯想有钱5y,24
松田阵平,55247,793,BV1Nne4zWEC6,【警校组声真似 with白马/生肉】みんなで仲良くR.E.P.O！,1743,12,19,4928,2158416,Murasame_Akari,24
松田阵平,55247,793,BV1mMenzTEFf,【萩松|静画】天国での再会,2430,41,12,250,2147782,在下雨的阿雨,24
松田阵平,55247,793,BV1AMeEz8Exv,“我对你一直很有好感…”,413,1,0,132,3546950095866435,うてん_雨,24
松田阵平,55247,793,BV1HheBzLE9H,艾漫你看看这对吗？,1108,2,1,174,234459,eria,24
松田阵平,55247,793,BV1zSevzvEWQ,【降谷零中心 | 警校组（景零萩松）】请不要带我走,2333,9,0,129,281672950,斟酒念诗文,24
松田阵平,55247,793,BV168eizMENK,【Ai松田阵平翻唱】戒烟,691,0,0,297,571682556,火因巸灬,24
松田阵平,55247,793,BV1SceazrEMh,开箱|看看近期都吃了哪些TCG卡吧,1011,2,0,113,8348517,Yoong_碳酸水,24
松田阵平,55247,793,BV1KQeazqEqV,【警校四人组手书】我们都有猝s的未来,704,5,0,10,1797623268,桜花sakura,24
松田阵平,55247,793,BV1QZehzCEfL,【降谷零中心 | 警校组（景零萩松）】请不要带我走,2078,11,0,185,281672950,斟酒念诗文,24
松田阵平,55247,793,BV1BHe8zJEYj,他们的死亡，也是他的遗憾吧,716,2,0,30,696120381,Angel是你,24
松田阵平,55247,793,BV19Ce4zqEd9,什么？松田阵平出周边了,817,2,0,39,3546780283177817,那个歆歆,24
松田阵平,55247,793,BV1LMYfzZEhU,当《名侦探柯南》（警校五人组）走进现实,39141,70,62,48,365359200,五螞蟻potato,25
松田阵平,55247,793,BV1E5Y9zEEQC,【爆处组双子星 少年时】,3181,32,1,26,491217779,司望京西,25
松田阵平,55247,793,BV1U3YXzhE67,柯南30周年杭州展结束好久了，终于拿到排的单领吧唧！,599,3,0,69,92814139,想喝黑麦威士忌,25
松田阵平,55247,793,BV1kzegzKECs,来看甜甜的零君和幼驯染组合（糖和刀子更配哦,859,3,0,175,1176781988,睡不醒的狐莉,25
松田阵平,55247,793,BV1Jneuz8EoB,不就是反差吗，这题我熟啊,432,2,0,10,1567062582,白柯想有钱5y,25
松田阵平,55247,793,BV1nhePz7Esy,从热闹的五人组，到萩原的离去，或许我们以为这就是结尾，不会再有人逝去，直到松田……,273,0,0,21,3493123913157364,福柯和宝黛,25
松田阵平,55247,793,BV1pWewz5EN9,看来我没办法实现承诺了……,396,2,0,24,1949301980,為我而哭好嗎,25
松田阵平,55247,793,BV1wfYxzyEFg,萩：阵平~理理我嘛~,828,2,0,15,3546743207627041,章鱼烧u酱,25
松田阵平,55247,793,BV1b7Y1z5EfN,【松田阵平cos】松田教你拍照小技巧,149,7,0,15,493456931,反派厨降临,25
松田阵平,55247,793,BV1okYCzEE5Q,偷偷发个库存，应该没人发现吧…,630,5,0,52,3546927392098382,沄婑,25
松田阵平,55247,793,BV193Yiz4EZY,【萩松】bae can u c i like u,189,2,0,13,1847193717,跳下去啦,25
松田阵平,55247,793,BV1V3YezSEPr,名侦探柯南大结局-警校篇（我纯编的）,917,6,0,21,3546559260134180,会长预备役小杨,25
松田阵平,55247,793,BV1s48mzNEFM,松田阵平—来自白月光的杀伤力,1093,3,0,175,3546765619890335,哈利波特多比,25
松田阵平,55247,793,BV1V1bjzZEbQ,“遗憾无法说，惊觉心一缩。”萩松《青花》,950,4,0,204,3493095490456340,白宫上闪闪发光的红旗,25
松田阵平,55247,793,BV1fJbkz6Esn,【谷子打包📦】请吃一份松田set🤲,373,0,0,258,37682132,祁衍Qiyan_,25
松田阵平,55247,793,BV1C2bBziEzM,【爆处/景零景/莱苏】森林混音带,2608,22,3,141,102790761,你呱天下第一,25
松田阵平,55247,793,BV1YEbezgE9b,【警校组】天堂再就业,1126,13,1,26,38115486,世界第一的鸦介桑,25
松田阵平,55247,793,BV1o1bFzXEUc,最近画的。,159,6,1,12,3546659139095049,-_-mO某人,25
松田阵平,55247,793,BV1oPbFzDEXb,【萩松】快樂似傳說 結局太幽怨——33秒简单回顾这对葬身爆炸中的幼驯染,728,9,0,34,687142239,Matsu_ykn01,25
松田阵平,55247,793,BV1RMtZzgEqa,萩松-请和这样的我恋爱吧~,2924,26,1,14,7534087,BCBC_BC,25
松田阵平,55247,793,BV18LtZziErM,【柯南TCG】锐评柯南TCG第六弹新卡！黄色篇～松田阵平SR到底是什么水平？,766,3,1,1703,1221511814,CP39,26
松田阵平,55247,793,BV1yhtZzsEGg,然后留下，最痛的纪念品,497,2,0,35,1445958261,山花海路,26
松田阵平,55247,793,BV1DEtZzYE3D,【讳煽_】视频加载中，速速查收惊喜！,6,0,0,10,3546911906728262,杜子美妙绝伦-,26
松田阵平,55247,793,BV1kttdzUEJc,好玩。,20,2,0,17,3546804197001811,瑾瑜大王OvO,26
松田阵平,55247,793,BV1deb5z4ESy,【香水切煤开箱】从乐一番切回来的第不知道多少瓶香水——松田阵平/萩原研二/降谷零,1606,17,0,63,8348517,Yoong_碳酸水,26
松田阵平,55247,793,BV1sNtozWENu,研二：小阵平~。,274,6,0,23,3546839343172043,親吻零,26
松田阵平,55247,793,BV1XFb5zDEE1,推理能力最强的那必然是...,8390,11,4,96,14767020,山竹and晴曦,26
松田阵平,55247,793,BV1eEbLz4E17,俩拆台的来了😈【安室&松田】天使之翼。【爬台记录】,3913,52,4,512,1245258806,皆川カレン,26
松田阵平,55247,793,BV1MSbGzzEYa,[名柯]萩松/爆处组    信仰,327,1,0,48,3546717347646301,1412赛高,26
松田阵平,55247,793,BV1m8bwzrEvA,所有的眼泪与软弱都被接受,41,1,0,269,288171969,宇宙抿龙,26
松田阵平,55247,793,BV1rrttzKEQr,松田阵平  权威,70,2,0,8,3546948183263990,拼夕夕要上学,26
松田阵平,55247,793,BV13zt4zUEzN,可是我遗憾呐,4203,30,5,24,3546559260134180,会长预备役小杨,26
松田阵平,55247,793,BV1m7tHztEYs,【降谷零中心  |  警校组（景零萩松)】“请...超度我”,1868,9,0,182,281672950,斟酒念诗文,26
松田阵平,55247,793,BV1ybtxziEEQ,【警校组声真似 with白马/生肉】ゼロ不在でも心は１つ！ゼロの回答に一致させろ,1570,28,35,3346,2158416,Murasame_Akari,26
松田阵平,55247,793,BV1QMtHzeEPt,【死别/萩松】再见了夏天，和你一起的回忆。,557,2,0,89,341467209,我走了哦,26
松田阵平,55247,793,BV1iktHz3Eny,“任务完成，去喝一杯吗？”,69,4,0,5,3494378832136662,雾凝凝凝,26
松田阵平,55247,793,BV1LHtpzyEKC,我的幼驯染敢吃（）,567,3,0,14,3546743207627041,章鱼烧u酱,26
松田阵平,55247,793,BV1MwtmzvEZJ,《班长说有时候真的想报警之嫂子开门我躲床上》,5374,31,3,355,442037792,三十二eve,26
松田阵平,55247,793,BV11QtmzcETo,【松田阵平中心向】carralla,341,11,0,43,1961292662,陳念凡,26
松田阵平,55247,793,BV1EAtUzXEXT,喂喂，我说。,536,4,0,31,3494370894416263,布谷不吃香菇,26
松田阵平,55247,793,BV1Tnt2zYEWx,5-4,614,6,37,20,3546717347646301,1412赛高,27
松田阵平,55247,793,BV1K7tyzoEoP,小阵平的情意绵绵剑~,721,10,0,11,3546743207627041,章鱼烧u酱,27
松田阵平,55247,793,BV1DDtyzPErt,最近一直在画梗图,786,14,0,15,3546659139095049,-_-mO某人,27
松田阵平,55247,793,BV1qytvz7Ed9,千速姐：来拍这俩弟弟记录生活,66,1,0,16,3493114473875483,Kmy-Rin,27
松田阵平,55247,793,BV1zNtNzaE6u,你幼驯染是给啊~,1869,10,44,16,123760068,小雁子哒哒,27
松田阵平,55247,793,BV1uAtKzXE7C,萩松】史上最糟糕的爬台视频你见过没，两人排练两次就敢表演，一个拍子没对上，下场还有场自由搏击要打,788,13,0,180,486966925,长蓝爱吃酱饭,27
松田阵平,55247,793,BV1qNtNzaEep,【名柯/警校五人组】“越是拼命向前伸手 渴望之物越是渐行渐远”,12817,7,0,247,635595164,爱吃鱼的兔子シ,27
松田阵平,55247,793,BV1VftNzxEju,白月光与白月光的白月光,1622,2,0,19,3546717347646301,1412赛高,27
松田阵平,55247,793,BV1BitczREaY,班长：我真没空跟你们闹了,4856,22,2,22,1692247313,我真的好饿----,27
松田阵平,55247,793,BV1PwtFzFEri,松田阵平(T＿T),618,5,1,11,3546730782001530,哀酱是我的网名,27
松田阵平,55247,793,BV1pW4oz7Exs,如果有多一张船票，你会不会同我一起走,3755,4,0,15,3493259928144162,任何挫折都可以击败我,27
松田阵平,55247,793,BV1ZYtJzzEwr,不要把小阵平带走！,843,12,0,13,3546743207627041,章鱼烧u酱,27
松田阵平,55247,793,BV1kEt7z3Eg4,如果再遇到爱的人，记得去拉着他的手。,257,0,0,19,453361230,书生哥哥Y,27
松田阵平,55247,793,BV1xCtVzBEXW,【萩松】你听见我在哭吗,4598,8,0,236,161714429,橘子幻想曲,27
松田阵平,55247,793,BV1qnt3z1EJb,live2d版堂堂登场,13703,60,55,21,505898995,居安_JUAN_,27
松田阵平,55247,793,BV1mZtgzhEsu,他们的故事停留在那里，思念还在继续,15764,7,8,395,3546869433109175,账号已注销,27
松田阵平,55247,793,BV1KShVzLEkq,【互】乐一番八月切煤开箱2～,634,110,0,367,2466240,淳淳_hgmt,27
松田阵平,55247,793,BV1KShVzLEbW,【互】乐一番八月切煤开箱～,496,122,0,326,2466240,淳淳_hgmt,27
松田阵平,55247,793,BV1Ghh3zSE9h,这个男人叫做零，包了名柯一半的刀子,1346,19,13,280,594685501,温水煮青柠ing,27
松田阵平,55247,793,BV1kmhTzpEuR,【最后一页】我要真死了，你可要替我报仇哦,880,1,0,181,673400217,lqiay,27
松田阵平,55247,793,BV1Y2hKzPEKF,就是...大概是个剪辑吧,241,0,0,40,3546736691775700,把天下种满香菜,28
松田阵平,55247,793,BV1hmhKzYE3y,卡穿搭（含萩松）,461,3,0,36,3546743207627041,章鱼烧u酱,28
松田阵平,55247,793,BV11k82zNE7L,萩松set开箱｜松田阵平警官证/方吧唧/杯垫/便签本 杀青后请快乐生活吧,2930,5,0,105,8348517,Yoong_碳酸水,28
松田阵平,55247,793,BV1LShHz7EFo,降谷零和佐藤美和子的马自达RX-7渊源,1952,11,1,182,321789999,我从不粉真人,28
松田阵平,55247,793,BV1jnhnzEEZG,【描改手书/松田阵平/ベノム】,2406,15,3,196,1509207834,萩松酱全肯定bot,28
松田阵平,55247,793,BV1FEhnzSEF8,“班长你笑的像傻瓜一样…不过，还不错”,495,7,1,9,7925977,火鸡面面子-,28
松田阵平,55247,793,BV1ud81zqEsF,【名柯手书/萩松】 Just Friends,810,12,0,59,543738571,國產鴛小鴦,28
松田阵平,55247,793,BV1Gy8CzMEhA,づ♡ど,1708,6,0,18,2048406916,松田志平,28
松田阵平,55247,793,BV1dV8kzBEh8,喜之郎~果肉果冻（警五版,740,18,4,13,39341244,瓦吉特Wadjet,28
松田阵平,55247,793,BV1oQ8kzkE7E,【名侦探柯南声真似/生肉】警校组with白马 VS 名侦探柯南少年侦探团【合作特别企划】,2063,29,5,13994,2158416,Murasame_Akari,28
松田阵平,55247,793,BV1By86zzESZ,乔装打扮的白鸟&高木,2301,3,0,156,388733839,dingdongdeng,28
松田阵平,55247,793,BV1mf8izCEvy,其实是的。。。用最热血的bgm剪刀子会怎么样？,390,2,24,40,594685501,温水煮青柠ing,28
松田阵平,55247,793,BV1t2hwzmEcd,5-4=？,832,12,3,10,3546899579668940,_小米兮兮,28
松田阵平,55247,793,BV1LghczWEbF,pov：当你是来参加伊达航婚礼的普通宾客💒,2871,19,0,10,7925977,火鸡面面子-,28
松田阵平,55247,793,BV1Rn8dz3Enn,坏了是刀子！！！,899,2,0,48,1724060340,玩纸纸纸盒,28
松田阵平,55247,793,BV1ru8dzUEMG,[名侦探柯南]万圣节的新娘，警四cut,784,3,0,175,35128080,苏尘依,28
松田阵平,55247,793,BV1aw8RzvEtk,【柯南/警校五人组x雨与佩特拉】MAD,588,4,2,630,1826756421,elEnaa_913,28
松田阵平,55247,793,BV1dq8nzkEyY,12月7日，营救行动大成功,162,0,0,7,3546559260134180,会长预备役小杨,28
松田阵平,55247,793,BV1Zb8EzgESh,被hagi骗来拍手势舞的小阵平～,1742,8,0,24,99989269,白泽小皇帝11,28
松田阵平,55247,793,BV1wT8GzwEJ9,杀青啦>ᴗoಣ,2247,20,2,12,1498796127,某只鬼鬼祟祟的海豹,28
松田阵平,55247,793,BV1zo8GzoEwn,【警五】超度我,266,1,0,33,571682556,火因巸灬,29
松田阵平,55247,793,BV1Zf8vz9EZi,萩松：穿搭要显贵,2538,25,2,15,7871399,如何速通人生游戏,29
松田阵平,55247,793,BV1RZ8Yz2E1H,【沈める街】诸伏景光の一生,20688,58,9,39,1264514029,焰火耶比,29
松田阵平,55247,793,BV1sX8tz1EQX,警五style,930,8,0,55,571682556,火因巸灬,29
松田阵平,55247,793,BV1Zr84zPE4R,૮ ´͈ ᗜ `͈ ა♡,2061,5,0,13,2048406916,松田志平,29
松田阵平,55247,793,BV12Sb9zSEPh,怎么不算遗憾呢,670,8,0,23,3546559260134180,会长预备役小杨,29
松田阵平,55247,793,BV1BVbSzZEZ9,【AIcover | 松田阵平】阵平酱翻唱美美桑内One Spot,3619,14,100,148,23312581,某小熙_HyoHee,29
松田阵平,55247,793,BV1SabSz1Emt,当你让男同事帮忙拍照 但他只会拍马自达｜萩松,3207,23,155,18,123760068,小雁子哒哒,29
松田阵平,55247,793,BV1sCbSzMEJ8,一张旧照。,2731,41,8,35,3494370894416263,布谷不吃香菇,29
松田阵平,55247,793,BV1uGbDzEEU5,[萩松]应该算是一个短小的手书,2054,10,2,16,1345263501,potatozdylz,29
松田阵平,55247,793,BV1pbbDzqEZP,修改版忘发了(ooc致歉),216,0,0,15,1961292662,陳念凡,29
松田阵平,55247,793,BV1u1byzaENB,（自存）盘上的连锁 一些松田阵平（已翻译）,415,1,0,20,1794941185,朝九晚燕,29
松田阵平,55247,793,BV12xbCzxEfM,vlog|带着我产品去看m28啦～,469,4,0,110,2466240,淳淳_hgmt,29
松田阵平,55247,793,BV1qmbCz3Epd,萩松的“马自达”挑战,526,2,0,9,99989269,白泽小皇帝11,29
松田阵平,55247,793,BV1ZD8MzLEN3,三创公嬷接龙正片,1294,8,0,268,12758427,嗜血恶魔喵喵X,29
松田阵平,55247,793,BV1rp8uzWEMZ,开箱｜名柯原画app挂件,1818,11,0,28,8348517,Yoong_碳酸水,29
松田阵平,55247,793,BV1hA8TzbEjJ,悲伤剧情X松田阵平 风吹落的不止是落叶...,356,3,13,164,3546755809413760,醉年轻的散粉呀,29
松田阵平,55247,793,BV12r8czuETv,让零看看大家在干嘛,996,7,1,19,3546559260134180,会长预备役小杨,29
松田阵平,55247,793,BV1mfgHzUEci,【AIcover | 警校组】警校五人组翻唱美美桑内One Spot,17117,48,125,148,23312581,某小熙_HyoHee,29
松田阵平,55247,793,BV18Z8wzjEMH,【松田阵平个人向 无刀子版】,254,0,0,226,1176781988,睡不醒的狐莉,29
松田阵平,55247,793,BV1jJ8czWEjD,上海！永远的警校五人组！！永远的意难平,2443,12,0,10,3546883830057056,脆脆海苔鲨-,30
松田阵平,55247,793,BV1Ln8czXEYS,雨载着思念 漂流到记忆里的旧世纪。         【松田阵平&佐藤美和子】｜cp向｜,56425,5,1,198,3546879914675166,小雨眠眠困,30
松田阵平,55247,793,BV1hRg5zMED5,［警五|回忆胶卷］“我又泪流满面你不在我身边，芒草在山巅痛苦还留在眉间”,434,3,0,30,3494362421922022,仝顾,30
松田阵平,55247,793,BV1reg5zQE3p,“萩...”,180,2,0,9,101665438,原是夜白,30
松田阵平,55247,793,BV1zzg5zEEed,给我发十块钱,392,3,0,14,1961292662,陳念凡,30
松田阵平,55247,793,BV1cbgGzEEQR,幼驯染但爆处组,79,2,0,12,1150292132,卡慕慕是个大冤种的说,30
松田阵平,55247,793,BV1zjgVzLEQK,直到最后一秒才会说出爱意的“坏”男人,1199,19,1,51,3546736081504278,下班画画,30
松田阵平,55247,793,BV1bRgGz8E7N,警四meme,4051,14,1,16,695824001,无言和芋圆上西楼,30
松田阵平,55247,793,BV1yMgBzoEn6,怜余来苦咽下，求不得佛前茶【主警校五人组】,2276,4,0,31,518849922,风云四海升,30
松田阵平,55247,793,BV1PigzztELy,“我和你在梦里只差一厘米”,1750,14,0,20,7925977,火鸡面面子-,30
松田阵平,55247,793,BV1FYgYzKE9q,松田阵平｜“多买了一杯”,1269,15,0,10,7925977,火鸡面面子-,30
松田阵平,55247,793,BV1dighzsEev,【名柯｜警校五人组】天妒英才敷薄命，地销文骨失真传,598,4,0,205,401018487,梦惊回,30
松田阵平,55247,793,BV1xzgazGEPk,最好的警校五人组T^T——第一次剪辑，纯纯的为爱发电，有很多地方比较粗糙，质量比较低，请多多包涵*^_^*,318,8,0,31,1879528284,泡泡屁屁茶,30
松田阵平,55247,793,BV12vg8zTEVU,【名侦探柯南1134】警校五人组，这集真的很好哭(*꒦ິ⌓꒦ີ),301,2,0,91,19877192,白莫权,30
松田阵平,55247,793,BV1jQgtzmEn6,【警校五人组】恭喜你们毕业啦！！！,7962,3,56,37,57412983,一只白珞,30
松田阵平,55247,793,BV1WjgbzhEbZ,画完自己都觉得自己贱,2686,27,5,24,3546559260134180,会长预备役小杨,30
松田阵平,55247,793,BV1MGufzQEs1,「长夜尽头终见曙光」降谷零/安室透 X 警校五人组 /《TWILIGHT！！！》（警校五人组版）,2419,4,1,225,33977365,君叶红枫,30
松田阵平,55247,793,BV19ogTzXExw,穿防爆服的松田阵平和荻原研二,3115,8,0,205,388733839,dingdongdeng,30
松田阵平,55247,793,BV1mSgKzzEdE,松田阵平｜“啧，你这黑眼圈…拿着。”,584,8,0,8,7925977,火鸡面面子-,30
松田阵平,55247,793,BV1KYgTzgEH5,“你走后的天还那么蓝”｜萩松向cos,2056,30,1,17,648974372,墨無無無無,30
松田阵平,55247,793,BV1QvgPz3E7n,凋零的花是独属于亡夫的回忆录,264,4,0,177,454896941,鱼圆田甜蜜,31
松田阵平,55247,793,BV1DigPz6Ezy,凋零的花是独属于亡夫的回忆录,293,3,0,190,454896941,鱼圆田甜蜜,31
松田阵平,55247,793,BV1nfgPzREfG,我那死去的白月光啊！,85,1,0,22,1587541250,遥遥万里0307,31
松田阵平,55247,793,BV1kXgPzfE54,「名柯混剪」成年了的更香！,322,0,0,69,1801397200,弦上の爆破音,31
松田阵平,55247,793,BV1kTgwzQEYS,试卷物尽其用,2084,25,2,11,3493104508209925,FloweringAngel,31
松田阵平,55247,793,BV1LcubzmEhY,【萩松】妈呀第一次做meme,3822,27,2,34,1264514029,焰火耶比,31
松田阵平,55247,793,BV1Lru4zkEK5,【互】乐一番7月切煤开箱～,603,90,1,304,2466240,淳淳_hgmt,31
松田阵平,55247,793,BV1youszXEa5,点击即看萩松窒息play（你就说窒没窒息吧）,6879,23,9,14,695824001,无言和芋圆上西楼,31
松田阵平,55247,793,BV1Zpunz8EM9,vlog|两天的爆处幼驯染限时体验券,767,15,0,51,190216123,包包包包个奶牛猫,31
松田阵平,55247,793,BV1CjunzvEAA,想念变成空气在叹息,752,1,0,17,1093707573,_-本初_,31
松田阵平,55247,793,BV1Uxuyz1Egn,零，你也想他们了吧,231,2,0,24,3546938414729325,念旧小洋芋,31
松田阵平,55247,793,BV14zuzzaEYU,【松萩】省流：和幼驯染上床了（？）,1303,6,1,25,190216123,包包包包个奶牛猫,31
松田阵平,55247,793,BV1VTu6zVEHT,马赛克之后还能当宣传视频吗小阵平,1461,19,0,17,190216123,包包包包个奶牛猫,31
松田阵平,55247,793,BV1gtuqzwEY4,爆处的heart111,763,8,0,30,190216123,包包包包个奶牛猫,31
松田阵平,55247,793,BV1Kvuqz4EoP,感觉两位快要打起来了,1301,22,2,44,3546554120014133,浅川叶蝶,31
松田阵平,55247,793,BV1PBuvz2E3i,警校五人组,222,2,0,87,3546554120014133,浅川叶蝶,31
松田阵平,55247,793,BV129uizsEUX,那个便利店的花衬衫组,2887,13,2,19,190216123,包包包包个奶牛猫,31
松田阵平,55247,793,BV1vYuezcEtc,【警校组声真似 with白马/生肉】うぃずはくアフター【嘉宾：诸伏高明】,1788,9,0,2943,2158416,Murasame_Akari,31
松田阵平,55247,793,BV1BsueziEQT,【警校组声真似 with白马/生肉】まさかの高明兄さん参戦！？【名侦探柯南声真似】,4063,8,18,5201,2158416,Murasame_Akari,31
松田阵平,55247,793,BV1xFuNzcE24,松田警官是个很了不起的刑警吧,1330,2,0,10,452245793,探水画盒雾,31
松田阵平,55247,793,BV1hmuPzuEMr,一肚子坏水专门给幼驯染憋的,1442,7,0,17,190216123,包包包包个奶牛猫,32
松田阵平,55247,793,BV1oSuczgEU8,赏脸跳个舞吗小阵平,1444,11,0,10,190216123,包包包包个奶牛猫,32
松田阵平,55247,793,BV1kPuAzSE9v,永远的白月光……,387,2,0,36,28797756,Pmy-a,32
松田阵平,55247,793,BV1j5uczNETg,名侦探柯南：童年名场面与作画发展的回顾(第二期),9503,4,7,2691,1001330090,Keiko_Sasaki,32
松田阵平,55247,793,BV1usucztEjE,“你好 …许久不见的挚友”【名侦探柯南｜警校组】,507,4,0,167,16894604,兰兰兰兰兰阿,32
松田阵平,55247,793,BV1fkMfzTEBN,【名侦探柯南】梦向图文投稿数量动态排名-截至2025.07.08【P站】,29207,191,205,167,387235,平成的夏洛克,32
松田阵平,55247,793,BV1bWMfznE8g,“但我更想跟你们一起啊”,555,8,0,14,29056570,水果烧烤派派派派,32
松田阵平,55247,793,BV1RXMfz8EHw,【烬夜2025】最新视频来袭，快来看看吧！,5,1,0,8,3537110359345460,Tising_k,32
松田阵平,55247,793,BV1YbMdzJE5H,爆处同居日常|小阵平说一秒都不用剪,874,8,1,49,190216123,包包包包个奶牛猫,32
松田阵平,55247,793,BV1M9MXziEwR,老公你说句话啊,1903,16,0,14,190216123,包包包包个奶牛猫,32
松田阵平,55247,793,BV15rMXzyEwz,研二酱教你发射幼驯染小游戏,534,4,0,8,190216123,包包包包个奶牛猫,32
松田阵平,55247,793,BV1t7u7zTE96,【爆处组】失去你的我,1069,10,0,27,190216123,包包包包个奶牛猫,32
松田阵平,55247,793,BV11auGzHEmS,【萩松】音频过气了我也开画了,1333,14,0,12,357617534,xxpp-,32
松田阵平,55247,793,BV1QJugzQEtL,【警校五人组】警校五人组四大美德怎么都有你啊~马自达！！,19165,12,117,102,57412983,一只白珞,32
松田阵平,55247,793,BV18Fu3zsEyN,灰原哀vs松田阵平,77,9,0,7,3546674108565626,我是茗夏团小怡吖,32
松田阵平,55247,793,BV17xu3zqErY,表情包改的松田和萩原热舞哈哈哈,473,7,0,13,3546918516951348,蛇院滴,32
松田阵平,55247,793,BV1sgu3zmEBQ,【AI翻唱/松田阵平】我愛メイデン/淑女好逑,389,6,0,188,471487849,是笨蛋来着,32
松田阵平,55247,793,BV1VauuzRERA,5片花瓣合成一朵樱花 真的会实现愿望吗……,298,4,2,30,3537108555794752,AaaaaaaaZERO,32
松田阵平,55247,793,BV1GKG3zwEu3,请不要抽烟！,2425,10,1,32,7871399,如何速通人生游戏,32
松田阵平,55247,793,BV1wnG3zQEDL,【吐槽谷子开箱】冷门妈的传奇拼团人生,518,1,0,362,2466240,淳淳_hgmt,32
松田阵平,55247,793,BV18DG3zFEqV,可是我的身体可是冷了可不可以抱我一下,816,5,0,15,3493127797082559,蘸啵碎碎念,33
松田阵平,55247,793,BV1oaGuzvEXn,5-4=0,265,1,0,18,511666185,海棠芋泥共眠,33
松田阵平,55247,793,BV1taGgzsEr5,【松田阵平 个人向】,298,3,0,303,1176781988,睡不醒的狐莉,33
松田阵平,55247,793,BV1b8GgzdEsc,【含萩松】客人水杯空了怎么办,5950,7,1,22,571682556,火因巸灬,33
松田阵平,55247,793,BV1vwGPzDEkQ,【松田阵平】就是小孩^_^,12992,7,0,101,673400217,lqiay,33
松田阵平,55247,793,BV1jzGwzmEeC,《咱们四个》,2687,21,4,16,571682556,火因巸灬,33
松田阵平,55247,793,BV1MqGWzbEcB,【已更换完整版】晚安大小姐,1992,10,6,52,571682556,火因巸灬,33
松田阵平,55247,793,BV1PqGHzDEuz,重逢,308,1,0,14,2048406916,松田志平,33
松田阵平,55247,793,BV1GZGJzbEJf,名侦探柯南文案剪辑,5411,71,38,57,3546879795137344,死神-神明大人,33
松田阵平,55247,793,BV1FBG7zeEzE,便利店结尾彩蛋,587,20,2,12,3546839343172043,親吻零,33
松田阵平,55247,793,BV1AGGEz3EDp,可惜…你不看名侦探柯南…不知道,1101,6,1,16,3546655047551023,TT_suang,33
松田阵平,55247,793,BV1D9GLzyE4X,公嬷接龙之松田阵平,11744,50,13,254,12758427,嗜血恶魔喵喵X,33
松田阵平,55247,793,BV1w732zmE4L,大概就是来霍霍松田了,223,10,0,10,3546839343172043,親吻零,33
松田阵平,55247,793,BV1hv3kzUE9u,开门！巡查！,6600,22,4,7,10955489,熊猫睡睡不醒,33
松田阵平,55247,793,BV17d3BzUEmp,我推的灰原哀跟松田阵平!,860,6,0,12,3546812189247796,永远爱犬薇新兰小系统,33
松田阵平,55247,793,BV12R3qz8E2r,浅浅赶个末班车，不是很会剪，转场和音乐衔接都很一般般，凑合着看吧，音乐用的是臙脂和诀别书,1065,7,7,73,3546593781352899,bili_78667046448,33
松田阵平,55247,793,BV1EQ3BzpEzx,反差怎么能少了咱名柯？,8564,9,2,9,3493140897990710,请输入密码-_-,33
松田阵平,55247,793,BV1623fzLEfS,【警校五人组】降谷零：我更想和你们在一起啊,114143,49,120,139,57412983,一只白珞,33
松田阵平,55247,793,BV12a3fzRE7Z,开箱｜警五日婚吧唧 收到谷就像吃饱饭一样幸福,2952,16,2,51,8348517,Yoong_碳酸水,33
松田阵平,55247,793,BV1TXGFzcE1z,五瓣花瓣合成一片樱花，实现愿望的魔法,53,2,0,38,1474331917,猫爪在上orz,33
松田阵平,55247,793,BV1hf3RzDEhi,松田君什么都做不好,16714,58,7,26,3493115151256188,DuDuDust,34
松田阵平,55247,793,BV1xA3QzaEwJ,萩原其實冥冥之中救了所有人⋯也許他們都在我們看不見的地方陪伴著零吧,1906,5,0,60,1058300086,名侦探柯南动画剪辑,34
松田阵平,55247,793,BV1WK3Qz8EbP,【警校五人组】搞笑名场面 这集请不要喝水观看,258813,29,187,98,57412983,一只白珞,34
松田阵平,55247,793,BV1ws3UzDEpK,死在了柯南画风最好的时期，成为大家心中永远的白月光,1098,2,0,25,3546925821332169,奇妙豆包,34
松田阵平,55247,793,BV1MX3jzGEoC,我允许青山使用金手指复活他们！,5841,15,0,62,3546860771871230,爆火出圈,34
松田阵平,55247,793,BV1ng37zfEgU,盘点一下警校五人组,7496,4,20,182,2123272671,独爱名柯,34
松田阵平,55247,793,BV1Py37ziEyL,“拜天呀，我不信漫天神佛；拜地呀，我不服命运挑拨”【安室透中心｜二拜天地】,10318,15,5,46,1504194986,辜koo,34
松田阵平,55247,793,BV14s3uz7E7U,有些谷子也太刀人了,1442,2,0,13,3546711175727288,任意淘淘店,34
松田阵平,55247,793,BV1As3TzzEUX,“唤不回的警宫”,197,1,1,29,3546730232547333,MIMI牛逼克拉斯,34
松田阵平,55247,793,BV1iU3azFE7j,【警校组】约会的餐厅里全是便衣同事,33707,75,196,456,179987980,Alpacava,34
松田阵平,55247,793,BV11D3Yz2EV1,警校五人组,185,2,0,50,3461579943184765,援莱是呵呵啊,34
松田阵平,55247,793,BV1xn38z6EwH,小降谷/金毛混蛋/zero/降谷别哭5-4=0,210,1,0,7,3493120448662446,义乌供应链,34
松田阵平,55247,793,BV1GF3xzzEHD,“景光的哥哥真帅啊，萩。”,463,5,0,8,101665438,原是夜白,34
松田阵平,55247,793,BV1a63WzYEG2,松田黑白双警,196,0,0,15,3546737543220062,朦胧的彼岸花火,34
松田阵平,55247,793,BV18CgSzYEyE,警校五人组真的意难平！,638,5,0,13,3546711175727288,任意淘淘店,34
松田阵平,55247,793,BV1zBg2zuEK4,松田阵平意难平,663,18,0,24,3546812189247796,永远爱犬薇新兰小系统,34
松田阵平,55247,793,BV14dgkz3Ebm,他本不會拆彈，教他的是松田；他本不會做飯，教他的是景光；他本沒有那麼好的車技，教他的是萩原；他總是被排擠，照顧他、讓他學會與人相處的是伊達。,1547,4,0,16,1058300086,名侦探柯南动画剪辑,34
松田阵平,55247,793,BV1DMgkzVEF8,警校组的大家也要ぷんちきぱやっぱーヾ(゜∀゜)ノ♪,6810,15,8,68,571682556,火因巸灬,34
松田阵平,55247,793,BV155grznE1h,加班加多了好像看到了死去的同期在和我打招呼,7511,14,5,14,1264514029,焰火耶比,34
松田阵平,55247,793,BV1zP3wzmEhN,就这样一直向前走吧,4564,63,6,16,626741674,聿夜YUY,34
松田阵平,55247,793,BV15S3FzuEeL,M28让我飞速旋转,8205,42,3,19,3546710825503349,九九九感冒1,35
松田阵平,55247,793,BV1aGgZzdELA,灰原哀：为救不认识的人而丧命是愚蠢的行为，除非是救我姐姐,1719,8,0,64,668727289,阴晴不定的官配党,35
松田阵平,55247,793,BV1UFK1zrEZg,大家都没啦！,383,11,0,15,3546738281416725,聪明蛋曹小海,35
松田阵平,55247,793,BV1tMKfzCEyo,【名柯/手书】警校组的III,35536,107,27,41,2933165,和綺桃桃,35
松田阵平,55247,793,BV1kCTFzBEG6,[爆处组/手书]拆弹MVP结算画面,8382,46,7,31,37115794,健画人,35
松田阵平,55247,793,BV1E5KXzLEMH,有些事到此为止才是最好的收场,259,4,0,47,21900572,情义-嘉龙,35
松田阵平,55247,793,BV19zKSzhErw,【草插】一个绘画过程%>_<%,176,5,0,65,20329128,Aether_apple,35
松田阵平,55247,793,BV1yWK7zHEKp,【警校F4】决战车神之巅,2270,9,3,44,179987980,Alpacava,35
松田阵平,55247,793,BV1YGKGzsEVp,“名柯里的伤感名场面”,4788,3,1,131,3546650031163531,飓风视频剪辑,35
松田阵平,55247,793,BV1aYKuzVEbE,我心永恒.松田mv,228,8,0,97,3546737543220062,朦胧的彼岸花火,35
松田阵平,55247,793,BV1ozKhzUE82,有如此萌的松田阵平奔向M28,135,2,0,10,1780759330,Never莱文,35
松田阵平,55247,793,BV1ZXN9z5E8w,🍋那一天的寂寞 寂寞起来🍋lemon 中文翻唱X名侦探柯南,9287,40,125,256,436192594,藤伊村樱_RODILOCK,35
松田阵平,55247,793,BV1NeNQzSEyc,邪魅男人和他的呆萌小警花,500,4,1,92,3546737543220062,朦胧的彼岸花火,35
松田阵平,55247,793,BV1ChNmzNEVj,出场仅有十几分钟的松田阵平，却成为了多少人心中的遗憾！,86945,8,68,258,249179977,白给阿太,35
松田阵平,55247,793,BV1E5NyzJEkM,最喜欢的名侦探柯南片头曲I can't stop my love for you.,4288,45,0,261,3546751499765892,シャンペン問題,35
松田阵平,55247,793,BV173NkzCE1L,没见过的柯南谷子越来越多了！,1584,2,0,54,291990358,包包仔007,35
松田阵平,55247,793,BV16fKFzeEJH,抱盒拆卡5/刀吧，刀死我好了……(つД`)ノ名侦探柯南 TCG CTP04信义之绊,2456,20,5,461,86203351,熊猫是可爱猫猫-MiAo-,35
松田阵平,55247,793,BV14KKwzUE4Z,男高爆处组会悄悄把所有视频拍成双人的,275,4,0,12,1780759330,Never莱文,35
松田阵平,55247,793,BV1ZPN7z3Ep7,做这样的周边可以但没必要……,112925,180,141,19,8521026,Syoyu酱油,35
松田阵平,55247,793,BV12mNzzHEVN,松田阵平和研二～爆处组永远的白月光好吧,44,2,0,24,1404593906,MIA笛魂,35
松田阵平,55247,793,BV1wEN8znEVN,超好看的日谷ins风透卡哎！,27,0,0,22,498245411,洛洛-张翰翰,36
松田阵平,55247,793,BV1FANbzkELn,用生命换来的线索。,2304,2,0,16,702761390,柯南一点通通就是我,36
松田阵平,55247,793,BV1jsMvzaEcw,【警校组声真似/生肉】名探偵コナン劇場版記念！with白马 復活配信 第二场,1754,17,16,4186,2158416,Murasame_Akari,36
松田阵平,55247,793,BV1LsMvzaEzk,【警校组声真似/生肉】名探偵コナン劇場版記念！with白马 復活配信,2410,46,19,4821,2158416,Murasame_Akari,36
松田阵平,55247,793,BV1WoMtz4EJd,【浅川叶碟】最新视频来袭，快来看看吧！,37,0,0,20,3546554120014133,浅川叶蝶,36
松田阵平,55247,793,BV1mrMyzrEA8,隐藏款到底都是谁在抽啊！,811,0,0,54,291990358,包包仔007,36
松田阵平,55247,793,BV1YNMuzJEh1,“不能删的简讯”,1504,4,0,41,1164289464,治愈哥布林的善良骑士,36
松田阵平,55247,793,BV1KaMKzNEp1,[松田阵平]松田阵平太帅啦,796,4,0,10,3546674108565626,我是茗夏团小怡吖,36
松田阵平,55247,793,BV1EsMAzGEcf,松田阵平｜“这种事情还是交给专家来吧。”                                 但是专家最后却被永远地留在了那个摩天轮上啊。,860,2,0,12,3546735091649177,银色子弹_0,36
松田阵平,55247,793,BV1TZMnzCEga,这又是谁的意难平,257,1,0,12,514317414,羊桑动漫,36
松田阵平,55247,793,BV12pM3z1EC4,【警校组】便利店事件胜利结算画面,2992,25,8,203,179987980,Alpacava,36
松田阵平,55247,793,BV1HGMGzGEDJ,今天是松田阵平呢,453,0,0,14,3546738281416725,聪明蛋曹小海,36
松田阵平,55247,793,BV14dTvz7Ejj,【警校五人组】|“虽然并不顺利 但我会试着好好活下去”| 示弱/ヨワネハキ,3048,32,5,167,381732141,樱咲摆不烂,36
松田阵平,55247,793,BV1GAT2zpEt9,到底要帅到什么程度才能被称之为凌厉。,5864,12,0,16,1221952435,羽洛STZP,36
松田阵平,55247,793,BV1T4TuzGE9p,我们结婚啦！,1933,10,2,22,2048406916,松田志平,36
松田阵平,55247,793,BV1qZTPzyE8n,柯南【盘上的连锁】玩水松田语音,477,0,0,18,492246824,Matsuda陣平酱,36
松田阵平,55247,793,BV1PhTtzHEb9,【警校组】KTV毕业联谊歌会（声优梗）,6325,33,28,5071,179987980,Alpacava,36
松田阵平,55247,793,BV1h2TWz9E5M,【柯南手书/萩松高佐】甚至无法成为情敌,3895,29,0,49,11192243,鸡级几寄,36
松田阵平,55247,793,BV1xRTHz6EAz,双胞胎,82,1,0,9,2048406916,松田志平,36
松田阵平,55247,793,BV1pPTpzeEMg,松田阵平,482,3,0,14,3546812189247796,永远爱犬薇新兰小系统,36
松田阵平,55247,793,BV1XXTjziEqA,【名侦探柯南】柄图巨烫的柯南屏风谷子实拍！不要放过它啊~,830,2,0,23,1802622999,ACGBOX漫盒,37
松田阵平,55247,793,BV1FoT7z9Edm,【互】乐一番6月切煤开箱～,538,91,0,279,2466240,淳淳_hgmt,37
松田阵平,55247,793,BV1yr7ezPERV,【苏韵聪影视剪辑】名侦探柯南混剪 舞月光,1014,1,0,226,2604536,韵聪YC视频制作组,37
松田阵平,55247,793,BV17b7hz1EjE,【萩松】可爱日历,553,10,0,37,3546707788827046,看日漫真是我的报应,37
松田阵平,55247,793,BV13y7hzvEve,警校篇回忆录意难平,161,0,1,138,1182211990,南荣叶梓,37
松田阵平,55247,793,BV12s7tzDEBd,【降谷零】樱花五瓣终成孤刃！我的恋人，正是这个国家！,783,2,0,75,1787346304,远方19-,37
松田阵平,55247,793,BV16j7SziEH8,开箱名侦探柯南卡游和网易乐谷抱盒吧唧,330,4,0,250,92814139,想喝黑麦威士忌,37
松田阵平,55247,793,BV1u772zuE76,I LOVE YOU SO,13434,56,5,27,3493115151256188,DuDuDust,37
松田阵平,55247,793,BV1yc73zAErB,if线松田从摩天轮下来的结算画面,9219,50,7,25,626741674,聿夜YUY,37
松田阵平,55247,793,BV1AT73zFELx,“ 对不起啊，我的电池快用完了，不说喽 ”,2014,7,6,47,3546391974513164,你の快斗,37
松田阵平,55247,793,BV1W673ziEvn,柯南【盘上的连锁】松甜甜语音,451,3,0,37,492246824,Matsuda陣平酱,37
松田阵平,55247,793,BV1f77PzMEQZ,【萩松】为什么会有那么多坏话,7449,12,0,21,1264514029,焰火耶比,37
松田阵平,55247,793,BV1sU7szBEEV,unboxing｜自印开箱,833,4,0,251,22964484,是酷酷啊_,37
松田阵平,55247,793,BV1pw7pzwEyT,《梦回》名柯警校组摸鱼横插绘画过程,679,18,1,244,1935463749,社冷成分,37
松田阵平,55247,793,BV1M87nzNEv2,【《名侦探柯南》剧场版M29新预告画面视频版（自制）】,1192,4,0,27,1144452137,麦卡伦-威士忌,37
松田阵平,55247,793,BV1F17EzjEci,柯南M29新预告：萩原松田登场预定！,2829,11,0,22,1344754054,新兰咖喱酱,37
松田阵平,55247,793,BV1mSjizkEZ4,话说为什么能有人把正太少年可爱颓废高冷毒舌各种能想到的帅集于一身啊！松田阵平就硬帅啊！！！(纪念最后一次相聚和马自达警官最后一次成功拆弹 … ε=(´ο｀*)),921,2,0,179,102281722,Sherring_,37
松田阵平,55247,793,BV1UPj3zTEks,白月光才是真正的大隐藏吧！,2072,2,0,85,291990358,包包仔007,37
松田阵平,55247,793,BV1BdjtziEs7,【超级短视频】警校组,46,1,0,5,3546881862928932,超级杂食咸鱼,37
松田阵平,55247,793,BV1D8jtzWEzB,［爆处组］失去你的我,420,6,0,30,1758884902,蓝毛衣-,37
松田阵平,55247,793,BV1vyJBzvERQ,【爆处组】天台,1990,4,0,22,455341217,Silence-啞戲,38
松田阵平,55247,793,BV1CGJ8zsEae,柯南白月光男神-松田阵平,1545,3,0,46,438178421,摸阿马_,38
松田阵平,55247,793,BV1kVJ8z9EkX,【爆处组宣传片】做个文明霓虹金,322,2,1,138,341467209,我走了哦,38
松田阵平,55247,793,BV1NaEfz3ESq,精挑细选地给宝们住上单间了,255,0,0,13,92814139,想喝黑麦威士忌,38
松田阵平,55247,793,BV1YkJFzpEDg,动漫角色的名台词,442,1,0,13,437853685,蘭宝11,38
松田阵平,55247,793,BV1whEXzmE4b,【名柯手书/爆处组】每天回家都会看到研二他在装死,2419,51,27,168,364360424,谷谷是咕咕,38
松田阵平,55247,793,BV16gEQzGEpd,就像是你一直在我身边,392,5,0,16,454896941,鱼圆田甜蜜,38
松田阵平,55247,793,BV1tGJVznE8o,多少人的意难平…,532,8,4,23,3546738281416725,聪明蛋曹小海,38
松田阵平,55247,793,BV1nnJuzbEck,加班ing。。。,149,6,0,11,669715525,猫大侠QwQ,38
松田阵平,55247,793,BV18zJTzBEFP,开门!我系警察,148,5,0,7,346997330,炫目蘑菇,38
松田阵平,55247,793,BV1uyJTzNEsc,阵平啊，你死在了画风最好看的时候,43146,30,15,15,3546790223677660,柏玥z,38
松田阵平,55247,793,BV1hDJwzREMo,【警校组】绝对会被幼驯染包围的世界vs绝对没有幼驯染的男人,2773,22,2,65,179987980,Alpacava,38
松田阵平,55247,793,BV1EGJAz6E9V,感觉特别适合萩原的眼镜就画了，萩松向的注意避雷,702,8,0,13,1345263501,potatozdylz,38
松田阵平,55247,793,BV1WNEbz7EGn,【家产你们崛起啊】最新视频上线，求关注！,596,32,0,13,3493077706606665,家产你们崛起啊,38
松田阵平,55247,793,BV1QqE2zEEsz,田中敦子在柯南的最后配音 之后疑泽城接替,22298,37,17,157,16219537,絶対女王,38
松田阵平,55247,793,BV1ZqEEzyETP,【警校组】“我只想要拉住流年，好好的说声再见”,3245,15,69,45,354602679,空明流光moonlight,38
松田阵平,55247,793,BV1inEJzLEmg,【警校组+娜塔莉】比起别的，我更喜欢你,380,12,2,31,37072159,魈宝一米五_,38
松田阵平,55247,793,BV16QE7zjE3a,"我是松田阵平，警视厅最后的王牌...""｜第一人称炸裂自述",1732,1,0,156,3546823025232395,名柯档案馆,38
松田阵平,55247,793,BV1J6E3z8E46,被娜塔莉小姐制裁了,131,9,0,8,37072159,魈宝一米五_,38
松田阵平,55247,793,BV1kQEMzsEGb,【萩松】杀青喽～（小片段）,58,1,0,9,3493077706606665,家产你们崛起啊,38
松田阵平,55247,793,BV1MvEMzTEzB,【谷子开箱】等等党的胜利之再贩放松q开箱,266,3,0,173,2466240,淳淳_hgmt,39
松田阵平,55247,793,BV1Mv5Lz1Eut,复活吧我的爱人,278,2,0,62,3546876540356802,牛番解说局,39
松田阵平,55247,793,BV1rmEKzJExo,最适合抽烟的二次元角色【日网票选】Top20,67870,497,693,64,26332199,钟意L,39
松田阵平,55247,793,BV1XA5czgEtf,【松降松/手书】eu sem vocé  失去你的我,452,11,0,28,1287668966,sunnyyqin,39
松田阵平,55247,793,BV1rRVRz3Egn,【江古田的名侦探】视频已打包，欢迎围观！,35,1,0,25,3546379322394993,把探按在床上酱酱酿酿,39
松田阵平,55247,793,BV1TJV9zjE7J,当桃黑黑入侵萩松世界——《皇帝，你两个儿子都是给》,1243,8,1,33,240777979,偷只小鱼干,39
松田阵平,55247,793,BV1L9VUzmEqw,［警五］可是有人的时光停滞不前,725,2,0,49,3494362421922022,仝顾,39
松田阵平,55247,793,BV1j9VUzmExw,［警五］可是有人的时间停滞不前,594,3,0,49,3494362421922022,仝顾,39
松田阵平,55247,793,BV1pL5MzLEp7,“我打字速度很快，所以可以在爆炸前最后3秒和你表白。”,338,2,0,45,3546640638019761,影视放映,39
松田阵平,55247,793,BV1WEVKzrEAD,点击查看松田阵平跺脚变装,501,6,0,11,669715525,猫大侠QwQ,39
松田阵平,55247,793,BV19RVAzJEuW,【一人五役注意】那些年搞过的警校组,1484,8,0,42,14839725,笛笛爱您,39
松田阵平,55247,793,BV1zWVPz8Epj,开箱名侦探柯南群内清货,238,0,0,95,92814139,想喝黑麦威士忌,39
松田阵平,55247,793,BV197VNzpELt,出～名侦探柯南松田阵平小盘，自带价，有意者私聊,30,0,0,13,1594716026,DASIWEI,39
松田阵平,55247,793,BV1DKGozZE8e,我那两个长不大的弟弟,3748,12,0,22,2048406916,松田志平,39
松田阵平,55247,793,BV1wbVJzGEGQ,白月光~😢,145,0,0,18,1530092466,L0VE一颜,39
松田阵平,55247,793,BV12WVGzaEDw,【松田阵平】抱歉，看来我没办法实现承诺了,291,2,0,19,2059100403,菟丝子12134,39
松田阵平,55247,793,BV1cLVVzoEyd,【互】乐一番5月切煤开箱～,511,83,0,256,2466240,淳淳_hgmt,39
松田阵平,55247,793,BV1dyGSzUEUW,松田阵平,234,2,0,16,79879614,我近在眼前,39
松田阵平,55247,793,BV1zAGkzeEvA,警校组埃及摇❤️,2417,24,1,16,346997330,炫目蘑菇,39
松田阵平,55247,793,BV1rAGyzGEE6,是谁要被炸了还在耍帅啊,137,4,0,9,3546719516100727,怪盗毛利,39
松田阵平,55247,793,BV1gnLmzuEPD,“问花问叶颜色正好 人生欢乐苦短几春宵”【安室透中心×天问】,8908,8,0,43,1504194986,辜koo,40
松田阵平,55247,793,BV1RrjPzZELd,【松田阵平/萩原研二】拆弹殉职-意难平,682,2,1,339,35760608,我是一个柯学家,40
松田阵平,55247,793,BV1fHLZz7Eay,怎么连诈尸也迟到我请问呢,2243,49,0,14,3546708608813594,悬着的心终于起飞了_,40
松田阵平,55247,793,BV1GfjczSEF8,这家店也不错呢,819,3,0,12,2048406916,松田志平,40
松田阵平,55247,793,BV169LdzmEKB,突然想起来之前让朋友帮忙把这个图做成了动图,4059,32,7,32,1264514029,焰火耶比,40
松田阵平,55247,793,BV18yLDzJEem,【名侦探柯南｜警校五人组cos】永不落幕,2171,5,0,53,21512945,照_影,40
松田阵平,55247,793,BV1EYLnzLEVw,我更喜欢你,1735,15,4,45,1480630101,白金小艾,40
松田阵平,55247,793,BV1KoLnzfEov,【警校组·景零中心向】他们的宿命,4852,12,7,753,3546884312402602,宁月如风sunshine,40
松田阵平,55247,793,BV1uSLEzdE7t,五个人就要整整齐齐的,1508,11,1,26,3546736081504278,下班画画,40
松田阵平,55247,793,BV1NZLEznEf1,【松田阵平】“专业的事就让专家来做吧”,1804,2,0,15,647376150,Nireus诺言,40
松田阵平,55247,793,BV17xLjzeEXD,以防你没看过条子辣舞,811,11,0,17,358689711,半熟芝士冷藏更好吃,40
松田阵平,55247,793,BV1wK4y1F7ZY,松田击碎了她的月亮,29625,21,0,47,1334677446,Afano3,40
松田阵平,55247,793,BV1oF411q71v,【合集】柯南M25 万圣节的新娘 预告 自存,487,2,0,277,5928770,黑辰绫夜,40
